pos	Human	Neanderthal
16069783	TA	T
16096885	GTT	G
16097764	GT	G
16114909	TA	T
16121730	CA	C
16135374	AC	A
16144238	CT	C
16153824	CT	C
16154861	CT	C
16169082	CT	C
16182272	CA	C
16192121	AT	A
16192388	CAG	C
16211545	ATT	A
16228104	TA	T
16237706	CA	C
16264717	TA	T
16272587	CAA	C
16278069	CA	C
16285195	CT	C
16286417	CT	C
16289275	GA	G
16289840	CA	C
16300054	TTCTC	T
16309773	TA	T
16344724	CA	C
16356539	CT	C
16359545	AT	A
16380959	TA	T
16392254	ATTC	A
16392257	CT	C
16399595	AGTAAT	A
16403547	CAAA	C
16404838	GAA	G
16414228	AC	A
16423523	AT	A
16488637	CA	C
16504326	CA	C
16566286	TA	T
16627388	CA	C
16627676	AC	A
16667800	TTTG	T
16691265	AGG	A
16848823	AG	A
16848832	TC	T
16849611	AC	A
16854260	GA	G
16862395	TG	T
16865267	TA	T
16867392	GC	G
16869986	TAC	T
16871375	AC	A
16873715	AT	A
16883869	CA	C
16884970	AT	A
16885684	GA	G
16889547	TAA	T
16893089	CT	C
16894231	AG	A
16902319	CAA	C
16902630	GACAA	G
16903007	CA	C
16907708	TA	T
16909895	AAC	A
16911871	TA	T
16913536	CAA	C
16914283	AC	A
16917857	CA	C
16918168	CA	C
16918400	AT	A
16919979	AT	A
16920731	GAAA	G
16926009	AT	A
16926609	CA	C
16928382	GA	G
16929132	AG	A
16936910	AGTT	A
16937715	TATTC	T
16939224	AC	A
16939757	CA	C
16941247	TG	T
16943843	CA	C
16945749	GCAC	G
16945911	TA	T
16946635	ATGC	A
16947661	CA	C
16951821	GAA	G
16954488	TG	T
16955062	CATT	C
16956324	TAAC	T
16958152	AT	A
17000928	CA	C
17005507	GA	G
17009550	TC	T
17015832	TG	T
17024887	CAAGG	C
17032406	CTG	C
17033715	TC	T
17033716	CT	C
17037511	AC	A
17041225	CA	C
17043194	GA	G
17044088	AG	A
17046750	CA	C
17047638	AG	A
17047883	AG	A
17048165	CA	C
17063121	AAAAG	A
17064218	AC	A
17065586	TA	T
17067586	CT	C
17071582	CAA	C
17075746	CT	C
17080087	AATAT	A
17087084	GTT	G
17088587	GTT	G
17116242	GT	G
17121697	AG	A
17131429	TCAC	T
17136287	AT	A
17137075	TAA	T
17138007	CA	C
17139076	CAT	C
17139169	GTA	G
17139225	GTA	G
17139259	GTGTA	G
17140315	CT	C
17144151	CG	C
17187543	AT	A
17228655	CT	C
17236264	CT	C
17236828	GT	G
17237154	AT	A
17238758	GA	G
17279083	AC	A
17282576	CA	C
17292009	CT	C
17297256	GTAGT	G
17304696	GT	G
17310309	TA	T
17322536	CA	C
17325892	CA	C
17331147	TTAAG	T
17336223	GA	G
17336292	CA	C
17345759	GA	G
17349801	GA	G
17351608	AG	A
17351803	TG	T
17352554	GGT	G
17360378	TG	T
17362895	CAAA	C
17367072	CA	C
17367653	CT	C
17369919	TTG	T
17371547	CA	C
17372150	TA	T
17372169	GTA	G
17374202	CA	C
17375061	CA	C
17388693	TTTA	T
17388695	TA	T
17393249	GTTGT	G
17397268	CA	C
17431101	CA	C
17458238	CA	C
17458962	GA	G
17495206	ACTCT	A
17497612	GC	G
17497614	AT	A
17552073	CT	C
17570873	CT	C
17576089	CTTTG	C
17577759	CA	C
17586609	GT	G
17586715	ATCAC	A
17591387	CAAA	C
17593972	AG	A
17604221	CA	C
17606313	CA	C
17613689	CAAA	C
17617260	CA	C
17620428	AC	A
17625150	CT	C
17625303	CT	C
17631412	CT	C
17635506	CT	C
17636137	TG	T
17640176	GCC	G
17641539	GAAA	G
17641831	GT	G
17642135	CA	C
17642762	CA	C
17646976	CT	C
17648344	AAG	A
17648717	CTG	C
17651759	CA	C
17654341	CA	C
17655725	CAA	C
17656198	CA	C
17656594	GA	G
17658060	CAA	C
17660748	CG	C
17667279	TG	T
17668555	TAA	T
17668992	GAA	G
17669907	TTC	T
17669908	TC	T
17677213	CA	C
17682092	CA	C
17683025	AT	A
17685498	CA	C
17689335	GA	G
17690779	AT	A
17691082	AT	A
17694929	CA	C
17696495	CA	C
17697662	AC	A
17702673	AG	A
17706707	CA	C
17708095	CA	C
17708549	GA	G
17717296	CA	C
17717445	CT	C
17722331	GA	G
17724475	CA	C
17725567	CA	C
17725615	TTC	T
17726620	AT	A
17736023	TA	T
17736324	CA	C
17742889	TA	T
17745499	GTC	G
17753260	AT	A
17755019	CA	C
17755162	CT	C
17756489	AT	A
17757738	AT	A
17759677	CT	C
17760895	CT	C
17762770	CTTTT	C
17771614	CT	C
17772085	CA	C
17772761	CT	C
17785723	CT	C
17797711	TAA	T
17800983	CTG	C
17801957	AT	A
17803032	CAA	C
17803728	TCAGA	T
17816229	AT	A
17816703	TA	T
17817309	GTATT	G
17821464	CA	C
17821906	AT	A
17822852	CTT	C
17824813	CT	C
17825994	GA	G
17826714	TAGAA	T
17830718	CT	C
17830881	ATT	A
17832252	CTTTCT	C
17839489	AAGC	A
17840106	CT	C
17841568	GA	G
17841732	TCAAA	T
17843936	CT	C
17844105	AT	A
17846759	TA	T
17848567	TA	T
17849059	GTTA	G
17855056	AAT	A
17855897	CT	C
17856434	TCG	T
17856736	CA	C
17857374	AT	A
17858014	GC	G
17859526	GGTGT	G
17860004	GT	G
17861829	ATT	A
17863103	TA	T
17866544	CT	C
17875973	TA	T
17881719	CT	C
17882645	CT	C
17886937	ACT	A
17889460	CT	C
17896066	CTTT	C
17899801	GCTTAT	G
17901061	CTT	C
17902554	CA	C
17903293	CT	C
17905974	AT	A
17907828	AAAT	A
17914729	TAA	T
17924587	TTTA	T
17925788	CA	C
17937451	CA	C
17946835	AAGAG	A
17948635	GT	G
17961794	CTT	C
17962823	TAC	T
17966902	GTATT	G
17968914	CTT	C
17970621	GT	G
17979240	CA	C
17983078	CTAAA	C
17990550	AT	A
17991739	GA	G
17994051	CA	C
17994706	CT	C
17998824	CT	C
18002406	CA	C
18004101	CT	C
18007465	CA	C
18007886	TGTG	T
18015376	GAA	G
18015419	GA	G
18023254	CT	C
18025531	CA	C
18027817	CTT	C
18030096	TA	T
18044625	AATT	A
18049077	CT	C
18052478	AG	A
18052550	CA	C
18054298	CA	C
18054588	AT	A
18060751	CT	C
18066709	CA	C
18068422	AT	A
18077386	CA	C
18077828	TG	T
18084675	CTTTG	C
18089141	CA	C
18089250	TA	T
18091881	AAAC	A
18098800	AAAAC	A
18099445	CA	C
18106422	CA	C
18108632	TA	T
18112199	CT	C
18117726	GA	G
18118191	AT	A
18119097	GA	G
18122622	CT	C
18123660	AT	A
18124564	GT	G
18127572	CT	C
18129482	CT	C
18130886	CA	C
18132637	CT	C
18134158	TA	T
18134160	TTTA	T
18137831	CT	C
18141462	CA	C
18147181	AC	A
18150729	CTT	C
18153139	CT	C
18154331	CA	C
18156127	CT	C
18156299	AT	A
18157371	CAA	C
18157841	TAC	T
18159071	CA	C
18166500	TATA	T
18172608	CA	C
18174124	TTG	T
18184681	CA	C
18189947	GA	G
18194790	GT	G
18196226	AT	A
18200120	TG	T
18203947	AT	A
18209116	TA	T
18215392	AGTT	A
18219223	CAAA	C
18221942	ATCT	A
18223198	CT	C
18231271	CA	C
18234144	CA	C
18238565	CA	C
18240474	CA	C
18240848	TG	T
18249048	CT	C
18262528	AC	A
18263489	AAGAC	A
18265817	CGG	C
18271959	GC	G
18282676	AAC	A
18289218	GAA	G
18308968	CT	C
18312660	ACTG	A
18319413	GT	G
18321264	CA	C
18322333	CT	C
18336990	AG	A
18342895	AG	A
18345028	CT	C
18346044	GTTTCT	G
18351085	TA	T
18368391	AT	A
18369570	CA	C
18371210	CA	C
18393792	GA	G
18394101	GA	G
18395134	TA	T
18411213	AG	A
18412031	ATTTT	A
18419341	TA	T
18426878	ATG	A
18427774	CTT	C
18434467	CT	C
18441460	TG	T
18447556	GA	G
18447949	CAAA	C
18459576	CT	C
18460302	TA	T
18461283	CT	C
18464282	AT	A
18471190	GC	G
18476017	CT	C
18477487	CA	C
18480694	CAA	C
18483012	GGA	G
18485925	CA	C
18496882	GAC	G
18499705	CA	C
18500357	AT	A
18500518	AT	A
18520776	CT	C
18523348	CTTTCT	C
18523352	CT	C
18526584	CAA	C
18534454	AG	A
18542532	CT	C
18554139	TC	T
18560884	CT	C
18567489	CT	C
18575450	CT	C
18578470	CT	C
18579186	AT	A
18594201	TCAG	T
18597164	GC	G
18597418	ATT	A
18600541	CA	C
18613184	CT	C
18613357	AT	A
18615431	GA	G
18619082	TA	T
18619376	CA	C
18619411	CAAA	C
18627427	CT	C
18633877	AG	A
18634423	GT	G
18635226	CA	C
18637381	AT	A
18642266	CT	C
18645054	GTT	G
18651162	TCC	T
18651896	TCTC	T
18686589	TA	T
18707789	TA	T
18719095	AT	A
18719099	TA	T
18719102	TA	T
18721195	AT	A
18753796	TC	T
18773600	CA	C
18778281	TA	T
18787486	CT	C
18824060	CT	C
18847134	AGG	A
18875138	TA	T
18875575	CA	C
18878179	AG	A
18878875	TA	T
18883953	AG	A
18905343	GC	G
18907602	CCA	C
18911685	AT	A
18916324	CCA	C
18917936	TGGA	T
18919033	TG	T
18922224	GC	G
18925033	AG	A
18936129	AT	A
18936589	CT	C
18940198	GC	G
18964545	CTT	C
18968140	CA	C
18970234	CA	C
18971247	TTTAA	T
18971892	CT	C
18976300	ATATT	A
18984014	CA	C
18999731	CA	C
19001487	TA	T
19001653	CA	C
19001786	AG	A
19002713	GAA	G
19003427	CA	C
19004709	CA	C
19009764	CAAA	C
19010196	GT	G
19011879	TG	T
19021507	TG	T
19032509	GT	G
19037339	CAA	C
19042254	TA	T
19050292	ACTCT	A
19058994	TA	T
19061925	GA	G
19062959	CA	C
19065879	CTGAG	C
19069735	CT	C
19070599	CA	C
19080410	AGAG	A
19084137	AG	A
19090797	TA	T
19099368	TA	T
19099787	TA	T
19100895	TA	T
19101663	AG	A
19107471	CG	C
19113749	AG	A
19128634	GA	G
19132836	CT	C
19133179	CA	C
19133373	TA	T
19144283	TC	T
19144588	CT	C
19144773	TAC	T
19146819	GT	G
19148136	TC	T
19152771	AC	A
19154060	CA	C
19170606	AG	A
19173670	AG	A
19176126	CT	C
19189911	TC	T
19190054	CT	C
19193439	GT	G
19194103	TG	T
19200814	TA	T
19201254	CG	C
19202192	CT	C
19205362	GA	G
19214800	CT	C
19217610	TC	T
19222691	CT	C
19228150	AG	A
19233030	AT	A
19250154	CA	C
19250554	TA	T
19250782	ATT	A
19251770	TA	T
19258249	CAA	C
19260877	TC	T
19262253	CT	C
19263540	CCTTG	C
19268817	CA	C
19269851	CA	C
19271514	CA	C
19281155	CT	C
19285627	CA	C
19289684	CT	C
19299688	CA	C
19300856	TAA	T
19322770	CT	C
19354891	ATTT	A
19356639	ATGG	A
19359141	TACTC	T
19360094	AT	A
19367151	TA	T
19370293	TC	T
19377382	TA	T
19378483	GT	G
19379006	CT	C
19386876	GT	G
19398311	AAG	A
19406448	AAC	A
19407563	TTGTG	T
19426641	CTT	C
19427077	CT	C
19427864	CA	C
19434685	ACC	A
19448278	CT	C
19466210	CG	C
19466245	GC	G
19474815	CA	C
19476852	TA	T
19478352	CT	C
19478956	AT	A
19479355	CT	C
19480949	GTT	G
19485536	GA	G
19498852	CTT	C
19499441	GT	G
19509680	CAGTG	C
19516219	CA	C
19517669	GT	G
19519431	CA	C
19519951	TA	T
19523553	AG	A
19525036	AT	A
19527069	GA	G
19527132	AT	A
19535183	CTT	C
19535630	AT	A
19538064	CT	C
19545322	TA	T
19546555	CA	C
19549553	AT	A
19563986	TA	T
19564096	CA	C
19570557	CA	C
19570882	GA	G
19573449	TC	T
19574448	GA	G
19577814	GT	G
19582626	CA	C
19584891	GTT	G
19588110	CA	C
19589816	CT	C
19591163	CA	C
19604169	TA	T
19611462	CT	C
19618653	CTT	C
19618950	CTT	C
19623161	GAA	G
19633697	GT	G
19640231	AAAG	A
19648389	AAC	A
19648727	CAA	C
19650647	CTATT	C
19653786	AAGT	A
19658467	TG	T
19659961	CT	C
19660446	CT	C
19660954	TTA	T
19660955	TA	T
19668742	GA	G
19674891	TA	T
19676101	CA	C
19682191	CT	C
19685795	GA	G
19687318	GT	G
19687603	GC	G
19689711	CAG	C
19698792	AT	A
19699181	GT	G
19705393	TACAC	T
19705449	GCA	G
19706245	TG	T
19709631	CA	C
19743248	AG	A
19747735	GT	G
19755183	TCCTC	T
19765281	AT	A
19769497	AC	A
19802558	CA	C
19817369	AAT	A
19822896	TA	T
19827586	CA	C
19828332	CA	C
19833652	GC	G
19850244	CA	C
19863156	TG	T
19868925	CG	C
19876405	CT	C
19882492	CA	C
19888272	CA	C
19894322	GCA	G
19896728	CAAA	C
19897136	AC	A
19897284	TCA	T
19898596	TA	T
19900949	GC	G
19908120	GAA	G
19908937	CA	C
19911367	CT	C
19912504	GA	G
19931424	AG	A
19940181	AC	A
19944477	CT	C
19947199	CTCT	C
19953959	TAA	T
19982436	TG	T
19983836	CA	C
19991388	CAG	C
19992895	TA	T
19994101	CA	C
20013920	CA	C
20026448	GT	G
20026623	AT	A
20028835	AT	A
20029508	CT	C
20032795	CAA	C
20034755	GT	G
20038183	CT	C
20046164	CA	C
20055516	TG	T
20058653	CA	C
20063279	CA	C
20069574	CT	C
20074295	TA	T
20085338	CT	C
20085649	CA	C
20090661	TA	T
20110825	TA	T
20111970	AC	A
20121244	CA	C
20160527	CTTAT	C
20176558	TCAAA	T
20184475	GT	G
20211526	GC	G
20212755	TCA	T
20212807	AC	A
20212809	AC	A
20212947	CAG	C
20241367	TA	T
20263624	TA	T
20275728	GC	G
20282774	CTA	C
20283700	CT	C
20304116	CCA	C
20322646	AG	A
20340417	CT	C
20361480	CA	C
20436683	CA	C
20613359	AT	A
20657345	CA	C
20658607	AC	A
20690730	AAT	A
20720294	ATTT	A
20724030	CT	C
20733384	CA	C
20735627	TTTAA	T
20737028	CT	C
20737334	CT	C
20749051	CT	C
20750456	TTG	T
20750457	TG	T
20753670	CT	C
20763807	CAA	C
20771369	CTT	C
20775492	GGT	G
20776973	AACC	A
20778912	GC	G
20781213	CA	C
20782497	TCCTC	T
20797640	CA	C
20798352	AAG	A
20811122	TG	T
20818504	CTT	C
20828221	AC	A
20829469	CT	C
20832492	AT	A
20839018	CT	C
20840970	CT	C
20841671	AT	A
20846881	CTT	C
20853709	AT	A
20854568	CA	C
20856214	CAT	C
20857627	CA	C
20858087	CA	C
20867569	CT	C
20869750	TA	T
20875837	AT	A
20882243	CA	C
20895937	AT	A
20920317	CT	C
20920813	ACAG	A
20924680	CT	C
20927253	CT	C
20929655	CT	C
20930055	CA	C
20947219	TG	T
20949715	CG	C
20952298	GT	G
20952443	CT	C
20952968	TTC	T
20952969	TC	T
20953744	CTTT	C
20955474	CT	C
20956568	CA	C
20958480	CACA	C
20959349	TA	T
20971378	TA	T
20972403	AT	A
20973451	CTT	C
20975597	GGGT	G
20976583	TA	T
20977440	GA	G
20979305	CA	C
20997219	AT	A
20997597	CTT	C
21013486	CTAAAG	C
21013958	GT	G
21018912	CA	C
21021872	CT	C
21034059	CT	C
21037321	AT	A
21042598	CT	C
21047213	AT	A
21051843	AAC	A
21069363	CT	C
21073534	CT	C
21080201	TA	T
21097227	CT	C
21098734	TG	T
21101651	TA	T
21110101	AAAAAG	A
21110494	CT	C
21113335	TTTTG	T
21117732	CT	C
21121731	CA	C
21122224	AATT	A
21124821	GA	G
21125853	CTTTA	C
21129046	CA	C
21132514	CG	C
21137723	TA	T
21139355	CT	C
21154986	TA	T
21155161	CA	C
21160120	CA	C
21162877	CA	C
21169036	TA	T
21177580	GAA	G
21181186	GT	G
21186404	CT	C
21189420	GT	G
21192408	CA	C
21194119	CA	C
21204738	AT	A
21208206	TA	T
21208263	GA	G
21209438	CA	C
21210725	CT	C
21214659	CT	C
21215406	GT	G
21225413	GA	G
21230543	CTT	C
21233594	CA	C
21234793	CA	C
21238619	TA	T
21245991	GCCAAT	G
21247762	AT	A
21251027	CA	C
21254634	CTT	C
21255212	CA	C
21259577	TA	T
21262084	TG	T
21263775	CA	C
21264762	CTT	C
21269693	TA	T
21272718	GT	G
21274786	CA	C
21277864	AT	A
21278457	CAG	C
21278844	GA	G
21279474	CAAA	C
21281801	CT	C
21292165	AT	A
21293695	AT	A
21293974	TAA	T
21294077	CT	C
21299225	GGC	G
21301451	GA	G
21307712	AAAC	A
21309856	GT	G
21313232	AAAAG	A
21314044	GT	G
21316356	GA	G
21316406	CT	C
21322325	TC	T
21324274	TC	T
21326691	CA	C
21327335	CA	C
21359618	CT	C
21362508	CT	C
21366834	TG	T
21370877	CAAA	C
21373602	TTTTG	T
21378248	GT	G
21378425	GTAGA	G
21389150	CA	C
21391368	CT	C
21395382	CA	C
21410790	CA	C
21417837	TA	T
21434698	CA	C
21442535	CT	C
21443354	AG	A
21446630	CTT	C
21456118	CA	C
21459750	CT	C
21461939	AT	A
21464970	CA	C
21467797	CT	C
21485773	CT	C
21490517	CA	C
21513202	CTT	C
21530656	TA	T
21554825	CT	C
21557298	CA	C
21571280	AT	A
21574713	CA	C
21635228	CA	C
21653530	TA	T
21705972	CT	C
21731292	GT	G
21785153	CA	C
21804517	CA	C
21819537	AT	A
21820259	TA	T
21826484	CT	C
21856473	CT	C
21863992	AT	A
21885508	AC	A
21910903	CT	C
21912945	AT	A
21917868	CT	C
21918326	CT	C
21923684	CAA	C
21924589	TATTA	T
21926966	CTG	C
21930401	CT	C
21932653	GA	G
21938467	ATT	A
21941164	CTT	C
21948802	CT	C
21952253	ATT	A
21952408	CTT	C
21952830	CT	C
21953139	CT	C
21956256	CA	C
21958196	AT	A
21961803	TA	T
21980066	GT	G
21980393	CAG	C
21991949	TA	T
21994776	GA	G
22001870	AG	A
22002455	CA	C
22009897	CA	C
22013353	GA	G
22013659	TAAAA	T
22013958	CA	C
22022916	CA	C
22034379	CA	C
22041839	CA	C
22045977	CA	C
22046444	CT	C
22047214	CAA	C
22058947	GA	G
22060725	CA	C
22067014	CA	C
22072417	CA	C
22078861	CT	C
22080124	GA	G
22083731	TA	T
22091123	CA	C
22091295	CA	C
22093016	CA	C
22096764	TA	T
22097413	CT	C
22099343	TCTC	T
22099465	TA	T
22101092	CT	C
22103453	GT	G
22104383	CT	C
22106090	ATTT	A
22107383	AT	A
22132322	TA	T
22135514	CA	C
22141347	TA	T
22144661	TA	T
22148380	TA	T
22164984	CA	C
22170299	CA	C
22170873	TA	T
22174035	CT	C
22174204	AT	A
22177020	TA	T
22178266	TA	T
22178487	TA	T
22195115	CT	C
22199525	AT	A
22202977	CA	C
22203607	CA	C
22204373	CT	C
22207620	CA	C
22210875	AC	A
22216652	TA	T
22216951	CA	C
22217558	CT	C
22225471	TA	T
22226256	CT	C
22227803	CA	C
22229152	CT	C
22230474	AT	A
22234053	TA	T
22234340	CA	C
22235509	AG	A
22241420	GA	G
22242034	CA	C
22242914	ATT	A
22250521	GTTT	G
22250737	CT	C
22253491	CT	C
22254416	GT	G
22262506	TAA	T
22269827	CA	C
22271579	CA	C
22274804	GAGA	G
22278053	CT	C
22294884	GAC	G
22299210	ACTGT	A
22302673	AC	A
22324032	CAT	C
22327822	GTT	G
22338316	GT	G
22357749	GA	G
22359276	CA	C
22361995	CT	C
22365783	CA	C
22370810	AT	A
22378147	AC	A
22379002	TTG	T
22379395	GC	G
22381623	AT	A
22384727	CACA	C
22389297	CT	C
22396095	TC	T
22396414	AG	A
22399504	GAGA	G
22416092	ATG	A
22416209	CT	C
22417878	TC	T
22429571	TG	T
22439608	CT	C
22441879	ATT	A
22448753	CA	C
22467298	TC	T
22468675	CT	C
22479299	TGG	T
22483873	TA	T
22489253	CT	C
22490149	TAAG	T
22496615	AGAG	A
22511994	CA	C
22512650	CT	C
22514541	GA	G
22516144	TAAA	T
22521130	TCAA	T
22524928	AG	A
22538103	CA	C
22541380	TA	T
22553765	CT	C
22554616	CT	C
22557401	CT	C
22571593	TGCGCGC	T
22580780	CAA	C
22581115	TG	T
22587001	CA	C
22588281	CA	C
22589264	CT	C
22593793	CT	C
22596730	CG	C
22596799	TA	T
22598156	TA	T
22605529	TA	T
22605531	TATA	T
22607729	CTTTA	C
22608995	GTT	G
22615314	GA	G
22616198	GGT	G
22620644	CCA	C
22623716	GC	G
22629621	GTTT	G
22638183	ACAGT	A
22639516	TATC	T
22641006	CTCA	C
22641941	TTTC	T
22652175	GC	G
22655484	GA	G
22657415	TACTA	T
22661173	TC	T
22672063	TC	T
22673683	CAG	C
22678300	TAA	T
22680607	CAA	C
22683964	CCAA	C
22691290	CAAAT	C
22694680	TC	T
22714875	AT	A
22714980	TTTG	T
22724135	GT	G
22724665	CA	C
22739623	CT	C
22770739	AAC	A
22772441	TAA	T
22776668	GT	G
22784102	TG	T
22803709	TG	T
22804563	CCTT	C
22806398	TAA	T
22818499	GA	G
22826930	ATT	A
22829680	CT	C
22831406	TA	T
22831833	CA	C
22832594	CTG	C
22851135	CT	C
22855398	TA	T
22858740	GAAA	G
22865427	CT	C
22865908	CT	C
22872265	CT	C
22873125	CAAA	C
22875932	GA	G
22880520	CA	C
22882116	CT	C
22883179	GT	G
22885955	GT	G
22894827	CA	C
22896520	CA	C
22901324	TG	T
22901979	CG	C
22902986	AT	A
22904064	AT	A
22905244	CT	C
22914382	AAAGG	A
22914466	AAGAG	A
22919509	TC	T
22921479	TA	T
22925572	CTTT	C
22925735	TC	T
22927522	CAT	C
22928473	CT	C
22929063	AT	A
22930019	TA	T
22934780	TA	T
22936308	CA	C
22948874	AT	A
22950458	AT	A
22965168	GC	G
22966390	GT	G
22967749	CT	C
22969921	CA	C
22972286	GC	G
22987604	CG	C
22995206	TGTGA	T
23011159	AG	A
23020315	CA	C
23035130	CAA	C
23037686	AC	A
23039003	TTTG	T
23041981	CA	C
23056639	AT	A
23058051	AT	A
23060856	AT	A
23060860	ATTT	A
23063711	GC	G
23064380	CT	C
23068572	TAAAG	T
23082320	AT	A
23082689	ACG	A
23092345	AG	A
23113869	TGGA	T
23114748	CT	C
23124827	CA	C
23130392	GA	G
23148673	TGA	T
23169419	GT	G
23173780	GT	G
23175122	GAAC	G
23175244	CA	C
23188215	TA	T
23197202	CT	C
23197294	CT	C
23203714	CA	C
23205122	CA	C
23216002	CA	C
23217449	AAAC	A
23219688	TA	T
23232345	CA	C
23240462	TC	T
23242065	CGTCT	C
23250917	CAGG	C
23260276	GGC	G
23266400	CT	C
23269415	CCCG	C
23275848	AG	A
23295799	CA	C
23315384	GA	G
23331524	TA	T
23337627	GA	G
23341521	CA	C
23344266	TA	T
23347141	CA	C
23365486	TCTTA	T
23366138	AT	A
23378779	CA	C
23382365	AT	A
23382451	TAG	T
23422586	CAGA	C
23424322	CAA	C
23425084	TC	T
23463907	CTT	C
23471756	CA	C
23481133	GA	G
23481810	AAAAT	A
23485517	AATAG	A
23491393	CG	C
23499441	GT	G
23505793	GC	G
23515135	TA	T
23515200	CT	C
23520602	CA	C
23528203	AC	A
23529439	CT	C
23529465	CT	C
23541309	CA	C
23542273	CA	C
23547828	AAT	A
23549120	CCATT	C
23556022	TA	T
23575976	CA	C
23594446	AT	A
23601704	AT	A
23618594	GAAA	G
23641881	TTA	T
23646118	CT	C
23647300	TA	T
23664479	TA	T
23664869	GT	G
23665116	CT	C
23669352	CT	C
23673183	TG	T
23673855	TA	T
23674045	AT	A
23674880	TA	T
23675299	TTAA	T
23684445	TG	T
23686522	CT	C
23689236	GCTT	G
23689559	TA	T
23690521	TTC	T
23699742	TG	T
23710823	AT	A
23730426	CCT	C
23733546	CTT	C
23734188	CTGTG	C
23734784	CCA	C
23744920	GA	G
23748072	CA	C
23755594	GTT	G
23759523	GA	G
23763066	CA	C
23766237	AAAAT	A
23768403	CT	C
23773376	GA	G
23794334	CA	C
23795151	ACC	A
23804246	TAAAA	T
23806570	AACC	A
23812332	TGG	T
23818925	CA	C
23825938	TA	T
23828396	CA	C
23830682	CTTT	C
23831761	AT	A
23834641	AT	A
23836200	CTT	C
23847373	CT	C
23850528	CA	C
23852557	CT	C
23857859	AT	A
23867304	AT	A
23875366	GT	G
23891839	TCA	T
23904069	CA	C
23910678	CA	C
23920076	CT	C
23931679	ATG	A
23932465	AT	A
23936889	CAT	C
23945193	CT	C
23945700	ACTC	A
23953079	AT	A
23953579	AT	A
23960300	CTT	C
23964482	TGC	T
23964485	TGG	T
23964743	GTA	G
23964746	CT	C
23965076	AC	A
23972599	ACT	A
23973602	AAAAT	A
23975101	TA	T
23984960	CT	C
23986409	CA	C
23988012	AT	A
24000097	GTTTC	G
24003289	AT	A
24003591	AT	A
24005145	CAAA	C
24013006	CCTT	C
24020388	CT	C
24021033	CAA	C
24044297	TA	T
24046054	AC	A
24046480	CACA	C
24051843	TTG	T
24058106	CA	C
24060325	CA	C
24062675	CT	C
24065057	CA	C
24066975	CA	C
24067862	AT	A
24074884	CA	C
24079723	CA	C
24090733	AT	A
24094242	CA	C
24099451	CT	C
24099879	CAG	C
24101672	GA	G
24118996	CT	C
24120086	GC	G
24126454	CT	C
24127114	CAA	C
24127449	GTAAA	G
24127872	AT	A
24128360	CAA	C
24137959	CAT	C
24141087	CTT	C
24141236	CA	C
24141699	GT	G
24149106	CAAA	C
24149782	TA	T
24150885	CT	C
24153223	CA	C
24155052	AT	A
24157138	CAA	C
24158826	AC	A
24161508	TATTC	T
24161969	AG	A
24167744	GTCC	G
24168612	CA	C
24174401	GC	G
24176959	CA	C
24178047	GCCCT	G
24185238	CTT	C
24185261	CA	C
24185679	TA	T
24189553	CA	C
24195934	GA	G
24201679	AT	A
24205094	GAC	G
24208368	AAG	A
24208369	AG	A
24212246	GGAA	G
24212519	GAC	G
24213595	CA	C
24213928	CA	C
24216640	AT	A
24218889	AC	A
24224040	CAGAG	C
24227723	CA	C
24231164	GAAAA	G
24237189	CTG	C
24252292	GA	G
24258807	CA	C
24258983	AAAGGG	A
24260928	CAAA	C
24263559	CA	C
24280079	AT	A
24290735	GA	G
24312687	CAG	C
24312948	CAGGAG	C
24313530	GGA	G
24340650	GT	G
24399275	CA	C
24420185	GT	G
24439888	TA	T
24441387	CT	C
24441916	CT	C
24448932	CT	C
24449253	CA	C
24449541	CT	C
24457356	CT	C
24466015	CA	C
24471694	TAA	T
24480193	AT	A
24486471	AT	A
24489842	TA	T
24497830	ATG	A
24505184	CT	C
24506833	AT	A
24510025	TTTG	T
24513512	TG	T
24522965	CA	C
24532706	GCA	G
24535532	CA	C
24547842	CACCT	C
24569956	GT	G
24591344	TA	T
24594983	TA	T
24595358	CT	C
24595764	CT	C
24597675	GT	G
24604387	TTTG	T
24605996	GT	G
24606328	CA	C
24606951	TAG	T
24607934	TA	T
24624421	GT	G
24626340	GA	G
24632730	CA	C
24632975	CTT	C
24633373	ATATT	A
24636459	CT	C
24640408	ACT	A
24646933	GC	G
24661060	CA	C
24668634	CA	C
24671520	CT	C
24678746	AT	A
24685665	CT	C
24690352	CT	C
24698898	CGAT	C
24699738	CTG	C
24701892	CT	C
24704622	CT	C
24704657	AT	A
24709710	CT	C
24710020	TC	T
24729526	CT	C
24740311	TA	T
24740560	CAAA	C
24741979	GTT	G
24746075	CA	C
24750638	CT	C
24753024	TG	T
24754083	GT	G
24756970	CT	C
24757863	AAGAAG	A
24760629	CA	C
24761814	CTT	C
24762168	CT	C
24781030	CA	C
24784756	TA	T
24785486	GT	G
24786103	TA	T
24792263	GT	G
24798415	CCTCA	C
24821305	ACCCC	A
24835069	TG	T
24835595	CT	C
24844194	TA	T
24853064	CT	C
24860261	CT	C
24862259	TAA	T
24875864	CA	C
24881834	AT	A
24888929	TAAC	T
24905713	AT	A
24906201	CA	C
24906963	CT	C
24907566	TTA	T
24911949	TAAAAC	T
24918737	TA	T
24923324	CA	C
24923769	TA	T
24925236	CA	C
24925959	AAAC	A
24937596	CA	C
24952342	TTG	T
24952343	TG	T
24956774	CA	C
24959904	ATC	A
24960852	AT	A
24966783	CT	C
24967718	TA	T
24968728	CA	C
24971710	CT	C
24973078	AG	A
24977162	TAA	T
24978854	AT	A
24985736	GCC	G
24992709	CA	C
24992953	AT	A
25001640	ATAT	A
25010581	CA	C
25012078	CA	C
25012381	CA	C
25013731	GA	G
25018006	CA	C
25018535	AAC	A
25025987	AT	A
25027361	CTCTT	C
25029756	AGT	A
25033358	CTT	C
25036054	CA	C
25037639	AT	A
25050678	AT	A
25057241	AT	A
25065137	CT	C
25067974	CT	C
25073267	GT	G
25073357	TATATTC	T
25073599	AAAC	A
25088344	CAT	C
25089256	TA	T
25094792	CTT	C
25104903	CT	C
25106245	CAA	C
25107636	CAA	C
25112992	AT	A
25125900	CT	C
25129678	AAC	A
25136514	CA	C
25147090	CA	C
25153810	GA	G
25159115	CT	C
25160007	GC	G
25161751	CA	C
25162929	TA	T
25165771	AT	A
25165773	AAT	A
25168692	TG	T
25171134	CA	C
25173282	CA	C
25175113	CA	C
25175422	AT	A
25175602	CT	C
25176544	TA	T
25176821	CT	C
25178712	CA	C
25185898	AC	A
25188973	CAA	C
25195307	AT	A
25197462	CA	C
25201203	CTT	C
25204082	GT	G
25208143	AG	A
25210260	AC	A
25212384	CT	C
25225004	CA	C
25227883	CTGTT	C
25228907	CT	C
25229623	CA	C
25230725	CTTT	C
25239977	GT	G
25245214	TA	T
25257923	CT	C
25277976	TG	T
25281402	CT	C
25283653	TCTCA	T
25285280	GCTT	G
25285621	AT	A
25286395	AAAGT	A
25292594	GT	G
25295485	CTT	C
25295996	CT	C
25299175	CT	C
25299948	GA	G
25301755	CA	C
25304768	CA	C
25308032	GAAA	G
25312009	GTT	G
25317670	CT	C
25322817	GT	G
25324870	CAATA	C
25325530	CTT	C
25325862	CA	C
25328891	ATTT	A
25330487	CT	C
25336562	CA	C
25336575	AT	A
25337027	GT	G
25337569	GTT	G
25347467	CT	C
25351991	CA	C
25354619	TA	T
25354976	GA	G
25356513	CA	C
25360390	CT	C
25361068	TAAAA	T
25362790	GCA	G
25367430	GA	G
25368627	CCCTT	C
25374965	AT	A
25376293	CAG	C
25377029	CTG	C
25384702	CA	C
25391013	GT	G
25394684	CA	C
25395202	CAG	C
25398751	CT	C
25399798	AT	A
25403463	GA	G
25407112	CT	C
25408227	CCTTTT	C
25442938	GT	G
25458014	CT	C
25470541	CAT	C
25471745	CT	C
25477586	CT	C
25479397	TG	T
25499179	CT	C
25501786	TGG	T
25507713	CA	C
25514105	CAAAA	C
25517428	CA	C
25519157	GT	G
25525626	CTT	C
25541912	GA	G
25544186	GC	G
25547396	CTT	C
25548407	CA	C
25551432	TTGTG	T
25567695	AT	A
25576503	CA	C
25579455	CTCCT	C
25581814	CAA	C
25585752	GC	G
25602214	TG	T
25613145	ATT	A
25614225	CA	C
25615316	CCGTA	C
25620102	AC	A
25626121	CTT	C
25630204	TA	T
25630933	TG	T
25640937	CT	C
25644159	AT	A
25646574	CT	C
25652636	ATTTT	A
25658151	CA	C
25669929	CA	C
25669957	TA	T
25671179	CGAGA	C
25671292	CTTT	C
25676404	CT	C
25677138	CA	C
25677819	TA	T
25691186	TG	T
25698717	TG	T
25702292	CT	C
25703609	CT	C
25704414	TTA	T
25711035	CT	C
25711863	CTT	C
25712996	GA	G
25717829	TTCTC	T
25718796	TAG	T
25722600	TA	T
25722605	TA	T
25725127	AT	A
25726813	GT	G
25728835	TA	T
25734628	AT	A
25749257	CT	C
25749963	CAG	C
25751716	CGTGA	C
25752239	CA	C
25755965	TTGG	T
25757683	AC	A
25766908	CA	C
25771660	TAG	T
25798095	TA	T
25799196	GC	G
25806466	CT	C
25810223	GC	G
25810479	TG	T
25816415	GC	G
25819041	TG	T
25828350	CT	C
25831960	CAA	C
25838211	CA	C
25838267	CT	C
25841604	AT	A
25842415	TCAAA	T
25849568	GT	G
25852826	TGC	T
25853948	CT	C
25858058	AT	A
25864954	CT	C
25867555	CAA	C
25870445	CT	C
25872464	CT	C
25877790	CT	C
25879526	CTTT	C
25882771	CT	C
25887738	CCTTTT	C
25893835	CA	C
25895415	GA	G
25896157	CT	C
25901035	ATT	A
25904417	CT	C
25904802	CT	C
25909878	CT	C
25913684	TC	T
25915192	CA	C
25919125	CT	C
25923439	GT	G
25931974	CA	C
25932450	TGGG	T
25936451	CT	C
25939241	TG	T
25944545	TG	T
25953500	CA	C
25959181	CA	C
25969883	AAACC	A
25973145	AT	A
25975124	CT	C
25975995	GT	G
25984741	ATT	A
25988778	CCG	C
25989104	GT	G
25996114	GT	G
26005303	CT	C
26007798	CT	C
26009876	CT	C
26014689	AT	A
26036752	TAATC	T
26045961	AT	A
26068975	ATT	A
26069337	GT	G
26071193	ATGAAG	A
26072657	CA	C
26076916	GT	G
26081834	GT	G
26084202	CA	C
26085043	AT	A
26094106	GAGGA	G
26109222	TCA	T
26126814	TA	T
26126973	AT	A
26130055	CA	C
26131293	CT	C
26136418	TC	T
26141678	AC	A
26148155	AT	A
26153553	CA	C
26154727	AT	A
26157308	CG	C
26179153	AC	A
26182459	CA	C
26185294	TA	T
26192197	TA	T
26195933	GAT	G
26196004	CA	C
26196752	TG	T
26206065	CT	C
26206374	CT	C
26206400	ATT	A
26207146	ATT	A
26208056	ACT	A
26209151	CT	C
26213167	TTTTC	T
26224476	AT	A
26228757	TA	T
26234840	GTATA	G
26241000	CTT	C
26249223	TC	T
26249803	CT	C
26256269	AT	A
26256854	AT	A
26271472	TC	T
26272597	CTTTA	C
26283354	AT	A
26284616	TC	T
26285030	CAATT	C
26300910	TA	T
26327230	GT	G
26331563	GA	G
26340812	CA	C
26346311	AT	A
26350404	TA	T
26352178	CT	C
26353878	CT	C
26355231	CTT	C
26368924	GA	G
26380593	AAAT	A
26386996	TTCCG	T
26392253	GCATT	G
26393898	AACAC	A
26418236	GAAAAA	G
26424216	GAA	G
26451073	TTTA	T
26453490	CT	C
26456972	TAC	T
26482718	CT	C
26511825	CA	C
26525974	TC	T
26528256	CATGG	C
26534558	TA	T
26537181	TTATA	T
26539290	CA	C
26541987	TA	T
26546371	CAA	C
26547831	CT	C
26557161	TG	T
26566445	TG	T
26566613	TAGAG	T
26583690	CG	C
26603869	CA	C
26604178	GC	G
26605089	TTCTA	T
26605432	TATGG	T
26605986	GA	G
26610903	CA	C
26615220	GT	G
26617706	GCACA	G
26618952	CAA	C
26647037	CTT	C
26649401	AC	A
26676237	CAT	C
26677340	CTT	C
26683023	CT	C
26687423	AG	A
26690687	AAC	A
26700346	GA	G
26701854	TTC	T
26701928	AC	A
26703444	TAA	T
26703664	ACT	A
26704633	GA	G
26714375	CA	C
26715326	TCATAG	T
26726716	TC	T
26734523	CA	C
26737238	CA	C
26738671	GAA	G
26757472	CAA	C
26762672	TCAAA	T
26764711	TA	T
26765309	TTTG	T
26775608	AC	A
26779035	CTT	C
26781005	AT	A
26781871	CTTT	C
26782710	CTT	C
26785181	TA	T
26786285	GGTT	G
26787593	TAA	T
26794227	AG	A
26794586	TA	T
26802656	CTT	C
26803720	CAA	C
26804983	CTTAT	C
26825467	CG	C
26827383	GA	G
26832808	ATG	A
26836242	CG	C
26838071	CA	C
26854787	GA	G
26858092	CA	C
26865676	AAT	A
26872321	CT	C
26882880	CTT	C
26884278	TCTC	T
26896627	GA	G
26903596	CA	C
26904809	CA	C
26906182	GTCA	G
26906671	AG	A
26907306	GATTGA	G
26912806	CT	C
26916437	AT	A
26916903	GT	G
26923493	CA	C
26938206	TA	T
26942058	GA	G
26944511	GA	G
26944773	AT	A
26947119	TA	T
26949335	GT	G
26958575	TTTTTC	T
26959297	CT	C
26973060	CAA	C
26974287	CA	C
26979082	GA	G
26979519	CA	C
26979804	CA	C
26987704	CA	C
26991543	CA	C
26998554	CA	C
27000116	CG	C
27003524	GA	G
27015967	CT	C
27026726	CTT	C
27027607	AT	A
27028991	TG	T
27029225	CTT	C
27030549	GTTA	G
27035376	TA	T
27035409	AT	A
27038100	CA	C
27039691	CTT	C
27044520	TTTG	T
27044521	TTG	T
27044522	TG	T
27045045	TGA	T
27056425	CAA	C
27061577	CT	C
27063296	AGT	A
27066019	AT	A
27067790	AC	A
27081664	GT	G
27083909	ACT	A
27092172	CT	C
27100061	CA	C
27100189	TTG	T
27100190	TG	T
27113913	CT	C
27114084	AT	A
27116789	AG	A
27121228	AT	A
27124837	TTAC	T
27127407	TTAAA	T
27129850	ATC	A
27132769	ACCC	A
27134410	CCTT	C
27144252	TG	T
27144546	CT	C
27151191	CA	C
27152568	GT	G
27157560	CT	C
27166408	CA	C
27181056	CT	C
27181739	TG	T
27188209	CA	C
27190977	ACCT	A
27221409	CA	C
27231873	AG	A
27259346	CTTATT	C
27260866	TATC	T
27262665	TA	T
27270684	TTATA	T
27284410	CA	C
27296173	GA	G
27301165	CGGG	C
27301183	GAA	G
27301639	TA	T
27301752	AAAG	A
27303870	ATTT	A
27306214	CA	C
27324565	CT	C
27327501	CATAT	C
27328156	GT	G
27334429	CA	C
27339197	ATT	A
27378582	TA	T
27380393	TG	T
27387491	CT	C
27405123	AT	A
27414615	TTCCA	T
27418974	GAGA	G
27419513	GT	G
27423944	TTAA	T
27430963	TTTA	T
27474653	CT	C
27488118	GAGA	G
27488862	CG	C
27492864	TA	T
27504830	AC	A
27508143	CA	C
27533215	GGTC	G
27533685	AG	A
27537977	AT	A
27539978	CT	C
27549157	GT	G
27549681	GC	G
27550648	TAA	T
27551581	TAATA	T
27562252	AGAAT	A
27581139	CAT	C
27581407	GATGA	G
27583802	AT	A
27588059	GA	G
27604787	CTTT	C
27605345	AAC	A
27617667	TAAAA	T
27626918	CTT	C
27639909	TA	T
27646137	AAAG	A
27650505	GAA	G
27654496	CAT	C
27667146	GA	G
27669317	CT	C
27680902	GA	G
27688735	CA	C
27689803	AT	A
27697541	CA	C
27713441	CT	C
27739696	ATT	A
27747343	CTTA	C
27749494	GTTA	G
27755511	CA	C
27773833	AT	A
27777446	CT	C
27785550	AAAAAG	A
27805105	GCACA	G
27814632	TATGA	T
27817845	CTT	C
27819404	TAA	T
27822012	CAA	C
27826863	TA	T
27864092	TA	T
27874549	AT	A
27885629	CT	C
27894754	TCTAA	T
27901697	TG	T
27905770	GTT	G
27931370	TA	T
27931718	GATTA	G
27943252	CAT	C
27943585	CA	C
27945500	TA	T
27945796	CA	C
27949596	TA	T
27954007	CT	C
27993262	GCA	G
27993528	CA	C
28001225	CA	C
28012833	GT	G
28016183	TC	T
28018495	GA	G
28021466	CT	C
28025616	CT	C
28025958	AAT	A
28039426	CA	C
28043137	CT	C
28058561	TG	T
28059995	GAA	G
28067872	CT	C
28068447	CA	C
28085475	GAAA	G
28092730	TA	T
28102145	TA	T
28104275	ATT	A
28117198	AC	A
28121540	TAAA	T
28137309	CA	C
28155830	TG	T
28157415	TG	T
28157419	GGA	G
28166812	CT	C
28168871	CATA	C
28173544	AG	A
28173865	CA	C
28177842	GCT	G
28179121	CT	C
28180568	GA	G
28184607	CT	C
28189287	CTG	C
28190801	TG	T
28190805	GT	G
28196276	GCGC	G
28216589	CT	C
28268069	GTT	G
28268398	TAA	T
28268651	CT	C
28270976	AAAC	A
28280117	CCA	C
28280995	CT	C
28296200	TA	T
28304322	CT	C
28313315	AG	A
28320282	GTT	G
28325493	CT	C
28325903	AT	A
28331766	CA	C
28334167	AT	A
28341727	CT	C
28342399	CT	C
28346131	TC	T
28363142	TA	T
28364748	AT	A
28369162	CT	C
28371110	CTGT	C
28375467	CA	C
28376707	ATACT	A
28376779	ATAAAT	A
28377175	GC	G
28383697	CA	C
28390438	GT	G
28393673	TG	T
28416766	AAC	A
28455278	TTTTC	T
28470734	TC	T
28471075	CAATA	C
28476545	TAA	T
28477481	AT	A
28479059	AT	A
28486134	TA	T
28492736	TC	T
28492797	CT	C
28494542	CT	C
28507516	AT	A
28508525	GCC	G
28510421	TC	T
28524312	AC	A
28535692	CT	C
28536111	ACT	A
28549383	TAA	T
28550309	ATT	A
28557641	CAAGA	C
28566968	CT	C
28567610	CAA	C
28568922	ACAGG	A
28579038	CT	C
28601981	CA	C
28603210	TG	T
28614945	TA	T
28629897	GT	G
28635573	AT	A
28639025	TA	T
28650091	CA	C
28651669	CA	C
28652409	CA	C
28662167	CA	C
28667102	AT	A
28677386	TA	T
28679313	TAC	T
28684800	CA	C
28693359	AT	A
28699844	CA	C
28700272	CA	C
28714061	AT	A
28716252	GT	G
28723218	AT	A
28739517	CA	C
28761278	AC	A
28767869	CA	C
28768519	CTT	C
28774333	CA	C
28777122	CA	C
28777813	GT	G
28789335	AT	A
28791621	AAC	A
28795003	CT	C
28803460	GCA	G
28804384	AT	A
28805916	GT	G
28816553	CA	C
28824113	CA	C
28826875	GA	G
28831946	CCT	C
28837875	TA	T
28852204	TA	T
28852966	CA	C
28853956	CTTTA	C
28854868	CA	C
28864511	CT	C
28885291	TA	T
28889035	TA	T
28905179	CA	C
28907814	GA	G
28912747	TA	T
28920447	CA	C
28922727	TTTTG	T
28924560	CA	C
28924725	TA	T
28943203	AGT	A
28950359	TA	T
28968167	CA	C
28969109	CA	C
28970341	TTG	T
28975519	CTA	C
28979962	CTCTT	C
28982266	CA	C
28997765	GAC	G
28999355	TTTTC	T
29000271	GA	G
29022134	CAT	C
29023423	CT	C
29028756	TA	T
29028954	GA	G
29030493	CA	C
29038307	AG	A
29040386	CA	C
29041614	CA	C
29057603	GT	G
29059235	CA	C
29072089	GA	G
29094074	AT	A
29101954	TAA	T
29107028	GA	G
29108373	AAAAC	A
29112187	CT	C
29117624	TA	T
29118546	AAG	A
29126224	GAA	G
29127618	CTATT	C
29129910	CAAA	C
29132758	CCCG	C
29142886	CAA	C
29147733	CA	C
29148721	CA	C
29150133	CA	C
29150787	AT	A
29152237	CA	C
29159735	CT	C
29161532	CTT	C
29167521	TAA	T
29167536	CT	C
29170058	GT	G
29170221	AT	A
29170359	CT	C
29172575	AT	A
29177937	CT	C
29180951	GT	G
29184961	GT	G
29188976	AT	A
29189984	ATAAC	A
29192807	ATT	A
29194599	CT	C
29194756	CTTT	C
29198657	CTT	C
29207151	CT	C
29208621	GTGA	G
29208769	CTT	C
29210102	ACT	A
29210268	AT	A
29213413	AT	A
29217342	AT	A
29217368	CT	C
29219565	TAC	T
29229340	CA	C
29232229	TA	T
29233156	AC	A
29234823	CT	C
29240500	AG	A
29243689	CT	C
29244986	GTT	G
29247463	AAAAC	A
29250714	CT	C
29252962	CT	C
29255603	ATTT	A
29256015	CT	C
29256932	CT	C
29257048	AC	A
29264332	CA	C
29264808	CT	C
29266814	CA	C
29274235	CT	C
29275292	CT	C
29277165	CT	C
29281918	CA	C
29282783	CA	C
29286753	TC	T
29290326	CT	C
29300928	CT	C
29303136	AG	A
29305735	AT	A
29306026	CT	C
29307679	GT	G
29310483	CT	C
29315529	CT	C
29322470	CT	C
29327221	TCTG	T
29331789	TA	T
29335547	GA	G
29336484	CT	C
29340015	GA	G
29340256	AT	A
29340742	CA	C
29341137	CA	C
29341514	AT	A
29362855	CT	C
29363913	CA	C
29378554	TAA	T
29391765	CT	C
29393976	TA	T
29394284	CA	C
29399501	CA	C
29402022	CA	C
29402201	CTT	C
29405893	CT	C
29411656	TA	T
29416237	CT	C
29421552	CT	C
29434326	CT	C
29436481	CT	C
29441350	CAA	C
29448679	CA	C
29450840	TC	T
29456182	CT	C
29461418	GA	G
29464072	CT	C
29464400	CT	C
29465795	CA	C
29476464	CA	C
29485305	CA	C
29492744	AAC	A
29494173	CA	C
29496082	CT	C
29499858	GA	G
29500145	AT	A
29507298	TA	T
29513555	CA	C
29522103	CA	C
29529250	GA	G
29541425	GC	G
29544218	GC	G
29544447	GT	G
29545771	TCTC	T
29546209	TG	T
29547997	TA	T
29551098	ATT	A
29551947	CA	C
29555639	TAAAC	T
29558104	CA	C
29558395	TC	T
29561389	CA	C
29562213	CTT	C
29579930	CT	C
29583099	CA	C
29583544	CA	C
29589714	AT	A
29590410	CGG	C
29591803	CTGTG	C
29592448	GACAC	G
29593559	GT	G
29606239	ATT	A
29608558	CT	C
29618395	CT	C
29623383	CT	C
29627431	AC	A
29629750	CATCT	C
29631337	CAAAA	C
29635750	CT	C
29639135	CT	C
29643937	CT	C
29644248	CTTTT	C
29644807	GC	G
29647371	AT	A
29651020	CCTCA	C
29652452	CAA	C
29671057	CT	C
29674493	TG	T
29677357	CT	C
29677398	TC	T
29682675	CAAA	C
29688751	CT	C
29690900	CA	C
29691521	AG	A
29694497	CA	C
29698185	GC	G
29700688	CTG	C
29717108	TC	T
29757789	GT	G
29759884	CA	C
29763449	AC	A
29772645	TG	T
29774849	CA	C
29776403	CG	C
29779679	CA	C
29783294	CT	C
29795249	CA	C
29795983	CT	C
29810804	CT	C
29813927	GT	G
29815790	CA	C
29820466	TGA	T
29820645	TA	T
29821192	CA	C
29822735	CA	C
29829279	CA	C
29831712	GA	G
29832588	CA	C
29838963	AC	A
29845338	CA	C
29848162	CT	C
29849179	TA	T
29851678	AT	A
29852575	CCT	C
29854228	CT	C
29858443	GA	G
29861218	CT	C
29862993	GGAA	G
29867597	AAT	A
29869346	CT	C
29879757	GAAA	G
29883121	GT	G
29883123	CAGT	C
29883768	CACTT	C
29887855	AAAAT	A
29892020	AC	A
29893859	TC	T
29896969	CA	C
29898010	CA	C
29898323	CA	C
29911040	GT	G
29911498	TG	T
29912136	GA	G
29912289	TA	T
29918183	CA	C
29930947	CA	C
29931250	CA	C
29938752	CA	C
29942832	CT	C
29949282	TG	T
29955236	GT	G
29965667	TA	T
29966006	AAG	A
29967759	CT	C
29971699	GTT	G
29972002	CT	C
29973077	AT	A
29983843	TA	T
29985923	CA	C
29988307	TG	T
29989450	ATTT	A
29990295	CT	C
29992225	AT	A
29995390	CA	C
29999343	CT	C
30004664	GA	G
30006022	TAGAG	T
30006650	AGAAAG	A
30008475	CT	C
30009085	CA	C
30010569	TA	T
30033679	AT	A
30034338	ATT	A
30036757	CGT	C
30038625	CT	C
30043024	CA	C
30045768	CA	C
30051705	CT	C
30051930	AT	A
30061225	GT	G
30076105	CT	C
30077043	CT	C
30093555	CT	C
30095959	CA	C
30108222	AAAAG	A
30113899	AAT	A
30113900	AT	A
30133014	CA	C
30135013	AGAG	A
30153205	CA	C
30159281	CAATA	C
30170078	CT	C
30170855	CT	C
30173387	TG	T
30173526	CA	C
30175468	TA	T
30181250	CT	C
30190943	CTT	C
30192103	CT	C
30198481	CA	C
30204798	CA	C
30206724	AT	A
30208875	GT	G
30211285	TA	T
30214024	TA	T
30217754	CAGG	C
30217991	TC	T
30218611	CT	C
30219836	CA	C
30228738	CT	C
30230816	AAT	A
30231393	TA	T
30231584	TA	T
30233256	GA	G
30236845	CT	C
30241178	CT	C
30242931	CT	C
30251127	CT	C
30255860	CA	C
30260101	CT	C
30260308	AT	A
30264764	CT	C
30267986	TA	T
30272221	CT	C
30274422	CT	C
30277482	AT	A
30285273	CT	C
30299379	CT	C
30300809	TTGTG	T
30302484	AT	A
30317843	CT	C
30318019	CT	C
30321547	TA	T
30331731	CT	C
30348398	TG	T
30353049	GA	G
30355748	AT	A
30359832	GA	G
30363225	TGC	T
30372109	GT	G
30390381	CA	C
30409661	CT	C
30419862	CT	C
30430624	CA	C
30433171	GT	G
30437414	GA	G
30437796	TG	T
30438589	TA	T
30445975	CA	C
30447790	AT	A
30448431	CT	C
30453797	AT	A
30454034	CT	C
30456439	TA	T
30457326	CT	C
30461390	CA	C
30467440	CT	C
30472948	GTGCAC	G
30478784	CA	C
30484053	TAC	T
30485344	CT	C
30488032	AT	A
30488334	CT	C
30506372	CT	C
30507904	CT	C
30529630	AC	A
30532606	CT	C
30533540	CAGAG	C
30551065	TA	T
30551820	AATTT	A
30553436	CT	C
30573704	CT	C
30576855	TTC	T
30576880	TTCC	T
30582347	CT	C
30583490	TTG	T
30585091	CA	C
30594497	CT	C
30615667	GTTCT	G
30626252	CAAT	C
30627680	CT	C
30638316	TGGGG	T
30647922	GTGAC	G
30651750	CA	C
30668405	CA	C
30673409	CT	C
30674937	CA	C
30677254	CT	C
30680075	TA	T
30695954	CA	C
30696440	GA	G
30710799	CA	C
30712450	GT	G
30717969	CT	C
30718883	CT	C
30719959	CA	C
30725626	AAAAT	A
30727597	CT	C
30745655	CT	C
30756493	CA	C
30759672	CT	C
30760919	GC	G
30763044	CA	C
30770892	CG	C
30772013	CA	C
30778393	CA	C
30780804	CT	C
30781774	CA	C
30800043	GTTC	G
30803702	CT	C
30804094	CA	C
30810749	AT	A
30817153	AAC	A
30837984	CA	C
30838675	GT	G
30844553	TAA	T
30850520	TATA	T
30850731	AT	A
30850821	TA	T
30850867	AT	A
30851114	ATT	A
30853673	CT	C
30858727	CT	C
30862693	AT	A
30873906	GA	G
30878454	AG	A
30884876	ATTT	A
30891967	AGAG	A
30893511	GA	G
30898840	TTA	T
30900034	ATAT	A
30900318	AG	A
30901964	GT	G
30917851	CTTCT	C
30929190	AC	A
30929585	CA	C
30930401	AT	A
30933008	CAAAAA	C
30934322	CA	C
30947742	AAG	A
30948186	AAAAT	A
30950118	CCT	C
30953774	CT	C
30959744	CA	C
30959902	CA	C
30973647	CT	C
30981718	TA	T
30984774	GA	G
30988950	GT	G
30992484	TA	T
30997528	GC	G
30998425	CT	C
31000623	AT	A
31002667	TC	T
31003931	CGAAG	C
31005146	CT	C
31005563	AAG	A
31005576	AGG	A
31014100	AT	A
31014259	GT	G
31016130	CT	C
31019283	CA	C
31019698	TACAG	T
31021389	TAA	T
31023603	CA	C
31024449	CA	C
31035967	TCA	T
31039016	CA	C
31043390	TA	T
31053445	CA	C
31057589	GT	G
31063804	GT	G
31076598	GT	G
31078568	CT	C
31083984	CT	C
31094430	CT	C
31099467	CT	C
31107196	AAT	A
31111041	CT	C
31111843	CT	C
31112031	CT	C
31118774	CT	C
31121777	CT	C
31134064	CT	C
31138396	CA	C
31163532	CT	C
31166084	AT	A
31168780	ATT	A
31169090	AT	A
31172102	CT	C
31181569	AAC	A
31186640	TA	T
31188344	TAAG	T
31190901	CT	C
31191505	AT	A
31195000	CA	C
31207151	AC	A
31210421	GT	G
31216470	TG	T
31233248	CA	C
31236196	TA	T
31237938	AT	A
31239860	AT	A
31241561	TA	T
31247224	AT	A
31249761	CT	C
31250627	GA	G
31250964	CAA	C
31252766	GA	G
31258949	CA	C
31262733	GA	G
31273136	TGA	T
31278509	AT	A
31286061	GGC	G
31291903	AG	A
31293939	GA	G
31294849	TTAA	T
31304855	TA	T
31312387	CA	C
31316023	AT	A
31336280	TA	T
31351992	CA	C
31356363	ATATGT	A
31356794	CAA	C
31358193	CA	C
31358580	CA	C
31368157	CAGTA	C
31370333	GA	G
31379487	CT	C
31400576	CA	C
31402423	AT	A
31404478	CA	C
31404635	CA	C
31410652	CAT	C
31412199	CA	C
31417926	CTCT	C
31421288	GTA	G
31421733	ATT	A
31424135	CAA	C
31425158	CA	C
31426304	CT	C
31430988	AT	A
31432612	TC	T
31437731	CT	C
31438897	TA	T
31441196	GT	G
31441356	AT	A
31447793	CA	C
31448275	CAAAAA	C
31456578	ATT	A
31457719	CA	C
31457836	AT	A
31459690	CA	C
31462306	TA	T
31463230	GT	G
31466909	CA	C
31467225	CAAA	C
31469236	CAT	C
31470791	CAAA	C
31490650	GTTT	G
31500804	AGT	A
31507301	AT	A
31509922	CT	C
31516615	CCAGG	C
31526499	CA	C
31527548	CA	C
31528732	GA	G
31544061	TA	T
31548706	CA	C
31548958	CT	C
31550333	TA	T
31555697	CT	C
31558604	CT	C
31568734	CA	C
31569236	TA	T
31571062	TA	T
31572226	AT	A
31576509	CT	C
31576950	TG	T
31577336	GA	G
31578095	CT	C
31579364	ATT	A
31580966	AT	A
31583907	TTG	T
31585592	AT	A
31587942	TA	T
31594380	CTTTT	C
31595085	CA	C
31600328	CA	C
31610584	CT	C
31626042	CT	C
31630312	TA	T
31632594	CA	C
31632916	AC	A
31638579	ACTT	A
31642169	GCA	G
31642234	AG	A
31642744	CA	C
31648528	TA	T
31648573	AAG	A
31657531	CA	C
31659672	AT	A
31672497	AG	A
31673402	CA	C
31677585	CT	C
31679579	CT	C
31684360	GA	G
31687455	ACCC	A
31687792	CA	C
31689647	CT	C
31690674	CA	C
31696004	CA	C
31704939	AT	A
31708745	CA	C
31712848	TA	T
31716779	CT	C
31724972	CA	C
31744670	CA	C
31745544	AT	A
31750995	CT	C
31752178	CTT	C
31761043	CA	C
31761411	CA	C
31763130	GT	G
31764138	CT	C
31765370	CT	C
31765680	CT	C
31774784	CA	C
31776783	CT	C
31777139	CCT	C
31777173	GCACA	G
31791384	CA	C
31791798	GTAAC	G
31792623	AT	A
31796045	GAA	G
31796929	CA	C
31797273	CA	C
31802662	GA	G
31803671	CT	C
31806802	CA	C
31807516	CTT	C
31808338	CT	C
31812885	CA	C
31815342	CT	C
31818095	CA	C
31819509	CT	C
31819849	CTT	C
31824203	CT	C
31825640	CT	C
31827005	TCCC	T
31830833	CT	C
31844846	CT	C
31846705	GAC	G
31847650	CT	C
31849362	CT	C
31854434	AT	A
31859637	TA	T
31861309	CA	C
31862401	TG	T
31863750	GA	G
31866191	CT	C
31866240	TA	T
31866671	CT	C
31868255	GA	G
31869049	CT	C
31869994	CCT	C
31870050	CT	C
31871253	GA	G
31871707	TAA	T
31875673	GT	G
31877314	AT	A
31880526	TA	T
31882256	CA	C
31882270	TAA	T
31883056	CA	C
31885632	CG	C
31895970	TA	T
31896263	CAA	C
31897161	CT	C
31910761	CT	C
31911530	CTG	C
31916825	TA	T
31919932	CT	C
31920414	CT	C
31920684	AT	A
31925756	AG	A
31930760	GT	G
31931171	CTT	C
31934254	CT	C
31936569	AT	A
31937729	CA	C
31938087	TAA	T
31939795	CA	C
31939994	GC	G
31944807	AT	A
31945816	CT	C
31950593	CT	C
31954454	ATT	A
31958620	AT	A
31960398	CA	C
31960966	AT	A
31961205	CTT	C
31962106	AT	A
31965933	CAAA	C
31966108	CAATA	C
31972631	CT	C
31984797	CA	C
31990009	AGAGG	A
31992769	CAA	C
31995866	AT	A
31996229	GA	G
31997114	CT	C
32002049	CCT	C
32010226	GA	G
32014694	TA	T
32041524	CT	C
32044652	CA	C
32049024	TA	T
32052635	AAAAT	A
32052930	CT	C
32054841	CT	C
32057084	AAAC	A
32058987	CT	C
32061676	TA	T
32066258	CT	C
32067683	GA	G
32071336	CA	C
32075207	CA	C
32081436	CAA	C
32084013	CA	C
32086625	AT	A
32092132	AT	A
32094045	TC	T
32094520	CA	C
32094904	TA	T
32096976	AT	A
32105240	GT	G
32107786	AG	A
32115725	CT	C
32123966	GA	G
32124700	CA	C
32128974	CT	C
32131628	GA	G
32132372	CA	C
32133611	TA	T
32138353	CT	C
32143794	CA	C
32147260	CAA	C
32147315	CT	C
32156056	CT	C
32163130	GT	G
32165245	CA	C
32165372	GA	G
32166777	CT	C
32170190	CT	C
32170998	AT	A
32171170	CT	C
32172955	AT	A
32177220	CA	C
32178124	AT	A
32180606	CA	C
32183800	TA	T
32187911	CAA	C
32189437	GT	G
32192085	CT	C
32192689	CT	C
32193046	CT	C
32193914	CT	C
32195328	CT	C
32199729	CA	C
32204244	AT	A
32207539	GT	G
32208728	CT	C
32220961	CA	C
32227030	GT	G
32230504	CT	C
32233266	AGAG	A
32233338	CT	C
32245765	TA	T
32248325	AT	A
32251852	CAT	C
32256797	GC	G
32257164	CT	C
32260097	CT	C
32260644	TA	T
32265226	GA	G
32265551	TAA	T
32268721	TTTTTA	T
32269775	CT	C
32273702	CT	C
32274533	GA	G
32275105	CAT	C
32277277	CA	C
32281710	CA	C
32292509	CT	C
32297228	CA	C
32299364	AC	A
32299637	AG	A
32302619	TG	T
32303976	TGTCA	T
32304837	AT	A
32309576	CA	C
32314088	AC	A
32321050	ACATC	A
32331038	AAGAG	A
32331886	CA	C
32334584	GAA	G
32335642	AT	A
32336710	CG	C
32337510	TATTA	T
32340837	CG	C
32341667	AAATG	A
32342930	AC	A
32345487	CT	C
32349825	TG	T
32353706	CCT	C
32358197	AT	A
32359789	TG	T
32364096	CA	C
32367160	TTCTC	T
32367537	GT	G
32367819	CT	C
32370360	CA	C
32372642	GT	G
32372876	CT	C
32375761	CA	C
32376976	GT	G
32379510	AT	A
32382414	ATG	A
32385764	GA	G
32385933	GTT	G
32388616	TATA	T
32389328	TA	T
32389446	GGTA	G
32391273	CT	C
32392176	TA	T
32395073	CATG	C
32398349	ATT	A
32400082	CT	C
32401060	GA	G
32407434	CA	C
32409315	GT	G
32409382	GT	G
32410695	ATT	A
32411348	CGA	C
32411399	CA	C
32414122	TAG	T
32418416	CA	C
32423763	TA	T
32426624	TTG	T
32427222	ATG	A
32440035	ATG	A
32440502	GT	G
32444692	GCT	G
32445078	AAT	A
32445402	CT	C
32449379	CCT	C
32452424	CTT	C
32456053	CAT	C
32457401	TA	T
32465504	TA	T
32481533	CT	C
32484323	CT	C
32486087	CA	C
32501276	AT	A
32527168	CA	C
32530755	CA	C
32535074	GA	G
32535097	GT	G
32535932	GT	G
32541794	TA	T
32541992	GAT	G
32542311	AT	A
32543327	GC	G
32544402	TA	T
32549844	CAA	C
32560912	CTT	C
32565501	TA	T
32566630	TG	T
32572146	GGCC	G
32575685	TAC	T
32576423	CT	C
32577050	AT	A
32597026	CT	C
32616019	AACAC	A
32619914	CT	C
32635626	ATATAT	A
32647472	TTC	T
32648216	CA	C
32650790	CA	C
32654390	TA	T
32655901	AG	A
32656659	GA	G
32659059	AT	A
32684004	CT	C
32687193	CT	C
32697829	CA	C
32698237	GT	G
32698290	AT	A
32699022	TTTTC	T
32704449	GGA	G
32711781	TA	T
32712095	GAA	G
32712921	CTG	C
32722257	AT	A
32723739	TG	T
32725682	GT	G
32725724	GT	G
32726442	GT	G
32726444	GT	G
32729916	CAT	C
32733531	AAAG	A
32736128	GCCT	G
32748394	TA	T
32749527	CCT	C
32751230	CCAAT	C
32753459	CT	C
32764180	CA	C
32769792	CT	C
32775785	CA	C
32778096	CA	C
32780980	CT	C
32781429	CCTT	C
32786440	CT	C
32787382	AT	A
32791929	GC	G
32805809	TG	T
32806709	CT	C
32808537	TA	T
32813176	CTT	C
32816320	AAAT	A
32822890	AG	A
32827105	CT	C
32834804	CT	C
32836290	TA	T
32844061	CT	C
32848624	CAAA	C
32860633	AACAC	A
32861461	GT	G
32865087	TA	T
32876661	CT	C
32886719	TA	T
32890094	TA	T
32890603	GAC	G
32894955	GT	G
32896522	TCCC	T
32897469	CA	C
32905546	GTAT	G
32907002	GT	G
32912795	CT	C
32921695	CAA	C
32923590	GA	G
32926565	AT	A
32927670	CT	C
32927793	GA	G
32927892	CT	C
32927981	AT	A
32932417	TTAC	T
32935469	GA	G
32938637	TGTGC	T
32945242	CT	C
32948417	CT	C
32955833	AG	A
32968240	CT	C
32969750	GTTT	G
32974236	TCTCC	T
32978340	CT	C
32989235	AT	A
32990479	CT	C
32994480	TA	T
32995310	CT	C
32995996	AT	A
32996679	AT	A
32997254	CT	C
32997914	GCTTTT	G
32998964	CT	C
33000993	GAA	G
33005462	GT	G
33006551	TTTTTG	T
33006631	CA	C
33007270	GTTT	G
33013462	CT	C
33016712	CT	C
33023797	AT	A
33024733	TA	T
33025973	AT	A
33027076	TC	T
33027295	CA	C
33029772	AT	A
33032387	CAA	C
33038282	AT	A
33038432	TA	T
33039542	GC	G
33043437	CT	C
33048202	TG	T
33063784	CT	C
33099624	TA	T
33105682	CT	C
33109784	TC	T
33110557	CT	C
33114492	GA	G
33120229	CTGTTT	C
33135362	CTT	C
33159128	TTTG	T
33159929	CCT	C
33165501	TTTG	T
33168250	CT	C
33169214	GA	G
33173381	TA	T
33174282	AT	A
33176082	GA	G
33176985	AC	A
33178059	AT	A
33181072	GA	G
33183044	CTT	C
33201012	CGT	C
33202771	CATCT	C
33213203	CA	C
33218911	ACAAC	A
33226939	GT	G
33228527	GT	G
33230143	CT	C
33232690	GA	G
33240699	CT	C
33256900	GTT	G
33257163	GA	G
33265677	GTTT	G
33272582	TA	T
33281148	CA	C
33281554	CT	C
33286058	CTTTT	C
33298857	CA	C
33304076	CT	C
33310423	GT	G
33323248	CT	C
33345400	CA	C
33350938	TTC	T
33350939	TC	T
33352143	CT	C
33359065	CT	C
33360404	TAAA	T
33371358	CA	C
33372979	TG	T
33373726	CA	C
33375172	CA	C
33384290	CAAA	C
33391652	CT	C
33394011	CA	C
33403925	AT	A
33404723	ACTCT	A
33406217	CA	C
33408191	GA	G
33417769	ATT	A
33421619	GA	G
33425024	CA	C
33433981	TA	T
33440036	CA	C
33443254	CA	C
33447552	CA	C
33456670	CT	C
33458027	AT	A
33459459	TA	T
33485762	AC	A
33488233	CT	C
33492401	CA	C
33492552	GT	G
33495253	TC	T
33498149	CT	C
33505300	TA	T
33509859	CT	C
33513421	CTT	C
33516028	GC	G
33516352	CTT	C
33518345	CT	C
33523323	AGT	A
33523760	TGAC	T
33547925	CA	C
33550155	GA	G
33555569	AT	A
33560485	GTT	G
33568436	ACT	A
33578520	AAAG	A
33580043	GTTAA	G
33587266	TA	T
33587530	TAA	T
33589861	TATA	T
33589989	CAT	C
33591138	CT	C
33593407	GT	G
33594313	GTA	G
33595829	CTTTT	C
33597340	AAGAG	A
33608141	TA	T
33612583	CA	C
33612718	CT	C
33622722	AT	A
33630890	TTGGGG	T
33635095	TA	T
33648237	TCCC	T
33649894	GT	G
33650921	AT	A
33653439	AAAAAC	A
33654864	CT	C
33657808	TAGAG	T
33663509	TTAC	T
33664415	CT	C
33665990	CA	C
33668470	GAAC	G
33677377	TA	T
33681798	CAGA	C
33687024	CA	C
33687673	TA	T
33693595	CA	C
33702847	CA	C
33703761	CT	C
33705156	CT	C
33714733	TA	T
33714779	AT	A
33715760	TG	T
33720914	CT	C
33724566	AAAT	A
33725301	AT	A
33727396	CT	C
33735270	GT	G
33737588	TG	T
33742267	TCC	T
33744275	CA	C
33749385	CT	C
33754983	TA	T
33760045	AT	A
33765921	TA	T
33775160	CT	C
33786675	GTT	G
33790184	CT	C
33793135	CTT	C
33794204	GA	G
33804756	AG	A
33805846	CA	C
33818496	CT	C
33824304	CT	C
33824610	TA	T
33837007	GT	G
33838780	CT	C
33845906	CT	C
33857678	CA	C
33865413	AG	A
33865872	CT	C
33867015	CT	C
33877241	AT	A
33878697	TA	T
33880896	GGTT	G
33881204	CT	C
33882516	CAG	C
33893057	CT	C
33896035	CA	C
33898181	TA	T
33898563	CT	C
33903442	CG	C
33908280	AAAT	A
33912570	CTAT	C
33915213	TGC	T
33920736	TA	T
33921632	TC	T
33935577	CT	C
33939201	GA	G
33941248	TTC	T
33943345	GCTA	G
33956803	CT	C
33962077	CA	C
33982442	CT	C
33983721	AT	A
33993264	GA	G
33999060	AG	A
33999075	TG	T
34007234	CT	C
34011182	AT	A
34011656	CAA	C
34019121	CT	C
34024302	CT	C
34024596	CG	C
34028543	CA	C
34029193	AG	A
34030660	AAAT	A
34042513	CA	C
34042583	TA	T
34044314	ACT	A
34047075	GA	G
34052044	AGT	A
34055730	TAA	T
34056998	AT	A
34057203	AT	A
34057509	AT	A
34061887	GA	G
34073274	TA	T
34076795	GA	G
34082571	CT	C
34082579	GC	G
34083371	CT	C
34091094	CT	C
34105965	GA	G
34122081	CT	C
34136467	AG	A
34146568	GT	G
34147470	TC	T
34147471	CA	C
34147759	CT	C
34164423	TCA	T
34169824	AAAC	A
34170242	TTGGA	T
34171838	TA	T
34178886	AG	A
34180892	TTA	T
34183007	CA	C
34191983	TA	T
34209241	GA	G
34210711	ATG	A
34223715	TG	T
34227088	CT	C
34231007	TC	T
34232785	GA	G
34240067	CA	C
34240710	CT	C
34255050	GA	G
34259757	GA	G
34266544	GTGT	G
34272849	GA	G
34274953	TTTC	T
34285183	GC	G
34291936	AC	A
34302760	CAG	C
34305510	GT	G
34314910	CCT	C
34315090	GA	G
34316634	GC	G
34319698	GA	G
34324352	TC	T
34325135	GA	G
34325148	AG	A
34327827	CT	C
34332479	AG	A
34332485	TA	T
34341613	TA	T
34345983	CT	C
34349947	GA	G
34350625	CT	C
34357908	AAAAC	A
34360319	AG	A
34365340	TC	T
34365641	CT	C
34368537	CA	C
34383496	CTT	C
34385444	ATTAT	A
34392667	CA	C
34403106	AT	A
34413165	CT	C
34413676	GT	G
34414071	TA	T
34417627	GT	G
34434344	TC	T
34447182	TA	T
34451140	CT	C
34462751	GAAAA	G
34465264	GA	G
34469155	CT	C
34469512	CT	C
34477526	CT	C
34478445	CT	C
34484229	CT	C
34485383	TG	T
34485713	ATT	A
34492005	CT	C
34497403	AG	A
34498200	CT	C
34514702	TA	T
34520592	GT	G
34528370	GTGTT	G
34528668	CT	C
34531560	CTT	C
34534197	GT	G
34536310	GA	G
34540900	CT	C
34541803	CA	C
34548530	CA	C
34555367	CT	C
34565264	GT	G
34566569	AT	A
34573103	CA	C
34573702	AACAG	A
34574953	CTTT	C
34578636	AT	A
34578639	CTTT	C
34580345	TA	T
34585327	CA	C
34586781	CT	C
34600997	CT	C
34626136	GT	G
34629122	TA	T
34643257	CT	C
34648424	AT	A
34652495	AT	A
34653617	CTT	C
34662425	ATATT	A
34668898	GC	G
34681230	CT	C
34688856	TCA	T
34700256	GT	G
34702048	CAA	C
34704328	TAGAG	T
34710052	AAAAAC	A
34711122	GC	G
34711856	CT	C
34714120	TGGAA	T
34715195	AT	A
34718770	GAA	G
34721452	AAGG	A
34721729	GT	G
34727799	AT	A
34731005	AG	A
34733359	AAAAC	A
34737589	CT	C
34744895	CT	C
34747780	AAAAT	A
34753050	CA	C
34754396	GAGAA	G
34788538	AAG	A
34792117	CTA	C
34798854	TG	T
34804304	ATATG	A
34811300	TTG	T
34812312	CT	C
34819581	CT	C
34821832	CT	C
34826936	GT	G
34827298	AT	A
34832030	CT	C
34849746	TC	T
34849764	TG	T
34849778	CG	C
34850758	GC	G
34851664	TA	T
34852638	GA	G
34854080	CTT	C
34864823	AGT	A
34871779	GC	G
34891725	CTG	C
34893262	TTC	T
34895750	CT	C
34896578	GTA	G
34904690	ACT	A
34918983	GAACA	G
34921769	ATTC	A
34945675	GT	G
34961092	CA	C
34963103	CAA	C
34965551	AT	A
34969805	AG	A
34973217	CT	C
34974649	GT	G
34974809	TA	T
34975859	TAC	T
34984423	GT	G
34985030	AG	A
35006748	TC	T
35011066	TA	T
35015213	GA	G
35021240	TC	T
35025244	TG	T
35028362	TA	T
35043121	TA	T
35044106	AACAC	A
35061019	AT	A
35063508	CGA	C
35070983	AT	A
35082555	TTTTG	T
35082584	GT	G
35083590	AT	A
35103251	CA	C
35119383	CT	C
35121943	GA	G
35122308	CCAGA	C
35125830	CA	C
35139172	CGT	C
35171384	CTTATT	C
35176724	GA	G
35182448	CA	C
35199790	GA	G
35218911	AAT	A
35238861	CT	C
35241213	AT	A
35244211	GT	G
35264452	ATC	A
35278037	TG	T
35278654	AAC	A
35289535	GA	G
35295655	CA	C
35318068	GC	G
35318187	TA	T
35318594	CT	C
35351721	GT	G
35358366	ATT	A
35362270	CA	C
35362282	GA	G
35368810	GT	G
35377085	CA	C
35381120	TA	T
35388968	AC	A
35390966	CAG	C
35395889	CT	C
35397741	CA	C
35398005	AT	A
35398303	GC	G
35408106	CA	C
35411561	GA	G
35413044	CCA	C
35415293	GT	G
35417299	TG	T
35419497	AT	A
35420176	CG	C
35424877	CTT	C
35431280	CG	C
35435234	CT	C
35437683	CA	C
35441293	GC	G
35447317	TG	T
35472092	TA	T
35489000	CA	C
35489271	TG	T
35497568	GT	G
35500566	AC	A
35502400	GAGA	G
35516845	AG	A
35519359	AGCG	A
35519395	TG	T
35521743	CA	C
35528325	CA	C
35530147	CT	C
35532618	CA	C
35550079	CA	C
35560421	GAATA	G
35566222	CA	C
35571266	CCACA	C
35575419	CA	C
35577428	GT	G
35591808	TAC	T
35617553	AT	A
35640290	CT	C
35643730	GGTTT	G
35644793	TC	T
35645621	TA	T
35647071	GT	G
35649593	TGC	T
35661782	CT	C
35674870	CAAAA	C
35685135	AAAAG	A
35691117	CT	C
35693372	AAAAT	A
35696898	AC	A
35697307	ATATAT	A
35698455	AG	A
35699497	CT	C
35701651	CAA	C
35702137	CT	C
35704268	CT	C
35708236	CA	C
35709337	CA	C
35719378	TA	T
35726271	CA	C
35732935	CT	C
35747645	ACC	A
35750677	CTT	C
35751435	CT	C
35752774	AT	A
35753920	CA	C
35754550	TA	T
35755769	TG	T
35757989	CA	C
35760326	CA	C
35762123	CA	C
35762393	AAGAG	A
35766864	CA	C
35770978	TA	T
35774417	CT	C
35777765	AT	A
35781602	CTT	C
35784953	CAA	C
35788214	CA	C
35788710	CT	C
35791016	TTGTAC	T
35791844	CTG	C
35793946	CT	C
35795810	GAAA	G
35798324	GT	G
35799932	AAC	A
35799933	AC	A
35802003	CA	C
35804962	CT	C
35809043	GT	G
35812438	AGCGTG	A
35813460	GC	G
35814679	TACAC	T
35817120	CA	C
35823489	AT	A
35824014	CT	C
35825535	CT	C
35826495	CT	C
35834804	CCA	C
35834807	TCC	T
35835004	CCA	C
35835007	TCC	T
35842828	AT	A
35852140	CT	C
35853520	AAAAAT	A
35857420	CT	C
35864174	AT	A
35871901	CT	C
35879647	CAG	C
35887114	GAAAA	G
35892246	AC	A
35892250	AC	A
35895595	CAA	C
35896921	CT	C
35905543	CT	C
35911695	CT	C
35918059	GTC	G
35918777	CCT	C
35921120	CAA	C
35933996	CT	C
35955550	AAAT	A
35962876	TAA	T
35969440	AT	A
35981984	TC	T
35989528	AAAGG	A
35991556	CTTT	C
35993593	AGG	A
35993701	TTG	T
35997227	TGA	T
35997270	ATG	A
35997328	GTA	G
35998028	ATG	A
35998155	GTA	G
35998246	CTGTG	C
35999120	CA	C
36002834	TA	T
36009732	AG	A
36010535	CA	C
36022859	AT	A
36025466	CA	C
36029797	AGT	A
36035921	TAA	T
36036270	CT	C
36039546	AAC	A
36046977	CAA	C
36057945	TA	T
36066262	AT	A
36069916	CT	C
36071568	CT	C
36072813	CT	C
36074810	CT	C
36077112	CT	C
36080516	GC	G
36086345	TA	T
36089403	CT	C
36089595	GGAT	G
36091246	AGG	A
36093634	AG	A
36095772	GC	G
36100280	AT	A
36102986	GT	G
36104079	CA	C
36106557	CAT	C
36113455	GA	G
36115106	AT	A
36115788	GTGTT	G
36120333	CA	C
36120426	CT	C
36125379	CT	C
36126671	AG	A
36140001	TA	T
36144526	CT	C
36145393	ATTACT	A
36153270	TAA	T
36173062	AT	A
36174690	TA	T
36190266	TTA	T
36190267	TA	T
36198070	TA	T
36199225	ACATG	A
36199821	GA	G
36205102	TAA	T
36206235	GAC	G
36208007	GA	G
36208321	GA	G
36218874	CT	C
36224207	CA	C
36226901	GAGAA	G
36229724	TA	T
36247877	CA	C
36248528	CT	C
36249338	TA	T
36250258	CTAA	C
36252098	GT	G
36252676	GA	G
36264632	AT	A
36269190	CTTTT	C
36269528	CAA	C
36287896	CA	C
36289362	TA	T
36291025	TA	T
36293031	TG	T
36296641	TAA	T
36298861	TAA	T
36299592	CT	C
36304892	AT	A
36309174	AC	A
36312926	TA	T
36318619	CA	C
36319993	CA	C
36327364	TAAA	T
36335632	CT	C
36347001	CT	C
36355007	CTA	C
36363436	AT	A
36363459	CA	C
36366529	CA	C
36370745	AC	A
36370747	AAC	A
36373011	CA	C
36373859	CA	C
36374330	AACAC	A
36383005	CT	C
36390229	TA	T
36390433	TTTTA	T
36392370	AT	A
36392658	CA	C
36400844	CA	C
36410170	CT	C
36410784	AGAGT	A
36422303	CA	C
36423567	ATTTT	A
36428398	CT	C
36430244	TA	T
36430639	CA	C
36441725	CT	C
36443632	AAC	A
36450319	CT	C
36454137	CA	C
36454467	CT	C
36455512	CA	C
36458448	CA	C
36459208	GA	G
36460698	CT	C
36468697	GA	G
36470693	CAA	C
36474136	CA	C
36476694	GT	G
36480160	CAT	C
36481531	GC	G
36483781	CA	C
36484772	CT	C
36484925	ATTTAT	A
36487378	GA	G
36500285	CAA	C
36503334	GT	G
36504275	AT	A
36506975	CT	C
36509542	CTT	C
36511653	CA	C
36513972	ATC	A
36532383	CT	C
36542250	TG	T
36546023	TA	T
36557906	TG	T
36563203	GA	G
36573819	TA	T
36574125	TA	T
36577728	CTGTG	C
36598780	GA	G
36602907	TTTGC	T
36615764	GA	G
36616560	GAGA	G
36616820	CTT	C
36617375	GA	G
36653742	CG	C
36660856	CT	C
36662141	CT	C
36662950	CAA	C
36709135	CA	C
36711792	CA	C
36713351	CT	C
36734042	CT	C
36736707	CA	C
36738676	CA	C
36739593	TA	T
36741356	CA	C
36742196	CA	C
36743846	CA	C
36744886	GC	G
36749818	CT	C
36756757	CA	C
36776789	AAAAAG	A
36780005	GA	G
36781216	TC	T
36785577	CA	C
36785752	TA	T
36788598	CA	C
36798617	AC	A
36798932	CT	C
36803798	CA	C
36812289	CT	C
36814763	CA	C
36816241	CA	C
36825229	CAAA	C
36833737	CT	C
36840460	GA	G
36847423	AG	A
36852682	CTT	C
36852728	CCAA	C
36860537	TTTA	T
36863674	CCT	C
36866828	TA	T
36875381	CT	C
36875929	CT	C
36881992	ATT	A
36884138	CAA	C
36884472	AT	A
36899363	CT	C
36901817	TA	T
36904015	CT	C
36905408	TA	T
36908905	GACAC	G
36912387	CA	C
36914541	TA	T
36924467	GT	G
36926554	TA	T
36927915	AT	A
36928936	CTT	C
36936442	CTT	C
36939691	CAAA	C
36943626	CA	C
36944075	CT	C
36946490	AG	A
36950015	CA	C
36950739	TC	T
36951011	CT	C
36952090	CT	C
36954238	CAA	C
36958244	GGT	G
36959413	CGG	C
36961530	CT	C
36967929	CA	C
36968759	CA	C
36970846	AC	A
36972584	TA	T
36973697	GA	G
36987089	AT	A
36988772	AC	A
36995312	GA	G
37002804	CGTGT	C
37017616	CA	C
37019005	TA	T
37023689	AT	A
37025035	TA	T
37028232	TA	T
37028516	CCTCT	C
37031330	CA	C
37034068	CA	C
37049965	ATT	A
37051858	CT	C
37063038	AT	A
37066967	CT	C
37084584	CA	C
37087353	AG	A
37094202	CCT	C
37098890	TA	T
37099621	CGGCT	C
37108597	CT	C
37120188	ACT	A
37122038	GA	G
37122767	CA	C
37141365	AC	A
37144667	TC	T
37152586	TG	T
37153574	TAA	T
37170697	CA	C
37184751	CT	C
37188851	AT	A
37189830	CT	C
37212087	TTTTG	T
37218419	CAAA	C
37226144	AAG	A
37230849	TTTTTA	T
37235314	CT	C
37244818	CA	C
37250414	AT	A
37251743	GTA	G
37255463	AT	A
37269541	GCTAT	G
37276395	GA	G
37277009	TTTG	T
37279858	CA	C
37299851	CA	C
37301881	CT	C
37310431	ATC	A
37322981	TG	T
37341863	CT	C
37353192	TGAGA	T
37363469	AT	A
37365966	AAG	A
37366427	CT	C
37367135	TTTTG	T
37368970	CAAG	C
37370551	AT	A
37371640	AT	A
37372581	TA	T
37375130	TTG	T
37385567	CA	C
37389057	CT	C
37392535	GA	G
37409087	GA	G
37410653	TG	T
37418788	ATGT	A
37424571	CA	C
37427489	CT	C
37432836	GT	G
37435215	CA	C
37437813	TA	T
37438699	CT	C
37441372	GA	G
37447439	GAA	G
37460902	TCA	T
37463070	CATT	C
37463856	CGG	C
37467640	CCTA	C
37468931	GA	G
37471040	TAC	T
37471556	TAA	T
37474219	CT	C
37488131	CT	C
37491669	CA	C
37509450	GTCCC	G
37515678	TA	T
37519134	TG	T
37520782	GC	G
37550615	CT	C
37562814	AG	A
37576287	GT	G
37582297	GA	G
37583613	TAA	T
37586724	CA	C
37588076	CTTTAA	C
37590176	TA	T
37604953	GT	G
37613364	TTA	T
37625300	AG	A
37627816	CCCT	C
37629321	TG	T
37644982	GATA	G
37647910	CT	C
37650165	CT	C
37653824	CA	C
37658010	GT	G
37659145	AG	A
37665992	GA	G
37666072	TA	T
37668670	CT	C
37677415	CTTCA	C
37682150	GT	G
37704559	GTA	G
37704751	ATG	A
37729400	CT	C
37736406	GC	G
37738657	AT	A
37739752	AC	A
37743025	AT	A
37750785	AT	A
37751638	CA	C
37753169	AG	A
37768757	AC	A
37772166	TG	T
37793760	CCA	C
37798664	GT	G
37807444	TG	T
37809442	CAA	C
37811224	GTCC	G
37818418	GT	G
37818981	CGGGG	C
37824818	TTAG	T
37826396	CTATT	C
37834947	CA	C
37835400	GA	G
37838149	CA	C
37841865	CT	C
37848797	CA	C
37855570	CTTT	C
37856579	GA	G
37857343	TA	T
37873488	CT	C
37874711	AT	A
37878498	TAC	T
37881009	ATG	A
37892955	CA	C
37894912	TG	T
37901282	TA	T
37901644	CA	C
37903287	TAAC	T
37907649	CG	C
37910110	CAAA	C
37911570	CA	C
37920169	CT	C
37925331	TA	T
37926536	AT	A
37928814	GA	G
37932927	CA	C
37934232	AG	A
37937577	CA	C
37957705	TG	T
37960748	CT	C
37961180	CT	C
37968824	AT	A
37968988	CA	C
37969148	CG	C
37969737	GT	G
37975091	AC	A
37987329	CA	C
37998884	ATT	A
37999590	AT	A
38000427	CT	C
38003497	GA	G
38007125	CTTTG	C
38014129	CA	C
38015386	AT	A
38020459	TA	T
38042270	CT	C
38045790	CA	C
38048316	CAA	C
38048832	CA	C
38050578	CA	C
38059310	CA	C
38060245	CT	C
38072232	CG	C
38078652	CA	C
38081157	GA	G
38083265	GC	G
38095554	CT	C
38096469	TC	T
38102776	TA	T
38115209	CAAAT	C
38117031	AT	A
38125229	CT	C
38139877	GGT	G
38154689	TA	T
38157291	TA	T
38164813	TA	T
38166053	CT	C
38166456	CA	C
38169184	GTGGT	G
38170130	TA	T
38178864	CT	C
38180407	CA	C
38184072	GA	G
38187103	CAA	C
38187417	CA	C
38187755	CA	C
38190674	CTTTGT	C
38190894	ATTATT	A
38195577	CT	C
38196035	CT	C
38196929	CA	C
38203806	TC	T
38205826	CA	C
38207882	CA	C
38209383	TAC	T
38216029	CT	C
38233034	CA	C
38237089	GAA	G
38241028	CAA	C
38257690	CA	C
38259110	CT	C
38259765	CT	C
38260547	CT	C
38263663	CA	C
38263961	CA	C
38267134	GA	G
38267875	CG	C
38268129	CT	C
38272696	TTGA	T
38274424	TA	T
38275809	CT	C
38279932	AGAAT	A
38288528	AT	A
38302920	TG	T
38308048	ATGTG	A
38308971	CT	C
38310238	CT	C
38315642	CA	C
38324765	TC	T
38336427	CA	C
38342585	CA	C
38342880	TA	T
38352099	GC	G
38354194	CT	C
38355724	TA	T
38355977	ATTG	A
38356235	CT	C
38381825	AAC	A
38384337	CA	C
38398156	CT	C
38400185	TG	T
38408089	CT	C
38410361	AT	A
38410813	AT	A
38419846	AT	A
38438819	GC	G
38440383	AT	A
38440812	CT	C
38449503	AATTT	A
38453205	AG	A
38458257	CT	C
38459649	CT	C
38480748	CCAAA	C
38483897	AC	A
38485283	GGGC	G
38499869	CA	C
38507980	AGGCGG	A
38514042	CA	C
38532662	TG	T
38532747	CT	C
38535422	TTTTA	T
38542356	AT	A
38547257	CT	C
38567179	CA	C
38567830	GA	G
38575498	CT	C
38577336	GA	G
38578424	CT	C
38581067	CT	C
38581841	TTTTC	T
38583328	AAAG	A
38590897	AGG	A
38592815	CA	C
38593461	AT	A
38594499	CT	C
38595632	CA	C
38595794	CAA	C
38602523	AT	A
38607237	CT	C
38615535	TA	T
38617338	TGTGA	T
38622083	CTT	C
38634233	CT	C
38636787	AG	A
38640466	CT	C
38650857	CT	C
38673451	CT	C
38674838	TC	T
38678925	CT	C
38682103	CT	C
38686864	TA	T
38687996	CT	C
38698254	GT	G
38699050	GAGGC	G
38701437	TA	T
38707813	CTT	C
38712375	TCTC	T
38714808	CA	C
38721321	CA	C
38725383	CAAA	C
38727323	AT	A
38729296	CT	C
38733493	CA	C
38736784	AC	A
38737818	GT	G
38740995	CT	C
38741481	CT	C
38760779	TA	T
38772964	CAT	C
38773175	CTACA	C
38774213	ATC	A
38774850	TTC	T
38778135	GT	G
38779791	TA	T
38796772	CA	C
38800418	GT	G
38807044	CA	C
38808081	CTTT	C
38812433	CT	C
38818787	CTCCT	C
38822028	AT	A
38822416	AC	A
38825088	CAA	C
38831700	GA	G
38834586	CG	C
38835779	CA	C
38836102	CA	C
38842959	CA	C
38845065	CA	C
38852208	CAA	C
38857624	CCCT	C
38859041	CG	C
38860934	CTTTT	C
38863937	GC	G
38872230	CT	C
38873079	CTT	C
38881699	ATT	A
38893624	CAA	C
38896020	AT	A
38898416	CA	C
38915068	GT	G
38917964	CT	C
38919774	GA	G
38928630	CT	C
38931303	CA	C
38931612	CT	C
38933217	CTT	C
38935040	CA	C
38938023	TA	T
38940635	CT	C
38950448	GA	G
38951094	CA	C
38953960	TC	T
38957183	AT	A
38959707	AT	A
38965188	CA	C
38969568	CT	C
38971886	CA	C
38973765	AT	A
38984769	CA	C
38991975	AG	A
38994962	CT	C
38996955	CA	C
39004798	CTTTT	C
39013297	CT	C
39014976	GA	G
39017354	CA	C
39021392	CAA	C
39021488	CA	C
39032771	ATTTC	A
39037130	GGA	G
39037556	CA	C
39044976	CA	C
39045570	CA	C
39048191	AAAAT	A
39051145	GA	G
39058306	CA	C
39059702	CA	C
39060026	CA	C
39066399	CA	C
39067974	TA	T
39079920	AT	A
39080808	AT	A
39085682	CT	C
39085873	AAGT	A
39091449	GT	G
39092246	CT	C
39098185	CTT	C
39127015	TTG	T
39139592	CA	C
39151057	CG	C
39153942	ACC	A
39157621	TGTGA	T
39158096	GTC	G
39159243	CT	C
39161245	TA	T
39162762	CT	C
39179969	GT	G
39182578	CA	C
39187174	GA	G
39193506	AT	A
39201056	TA	T
39210452	TA	T
39218902	GC	G
39219661	AG	A
39220147	ATT	A
39229660	AT	A
39241956	TC	T
39242522	TA	T
39247319	ATT	A
39250304	AT	A
39253805	AT	A
39271521	CT	C
39272788	CT	C
39276725	CA	C
39282817	CT	C
39285198	CT	C
39293958	AT	A
39308303	AG	A
39323324	CGGG	C
39327180	CT	C
39332936	CGT	C
39333581	GGT	G
39340122	CCCTT	C
39358962	CA	C
39366093	CAA	C
39369272	CA	C
39371444	TA	T
39371745	TA	T
39372494	TC	T
39372746	CA	C
39373046	CA	C
39373903	GT	G
39382945	CG	C
39397738	CAA	C
39397847	CA	C
39399201	CA	C
39400698	CA	C
39404204	CA	C
39404874	GT	G
39406306	AT	A
39406571	TC	T
39411298	TA	T
39422761	TG	T
39429606	CT	C
39430639	CTT	C
39433839	GA	G
39439303	GTT	G
39442163	TG	T
39442624	AT	A
39445704	CT	C
39447541	CA	C
39448993	AT	A
39449461	CA	C
39451426	CTA	C
39453010	GTT	G
39461287	AAAAC	A
39464333	TA	T
39467137	CT	C
39469817	GA	G
39471453	CT	C
39474035	TG	T
39475489	AT	A
39476145	AC	A
39480533	GA	G
39491380	AT	A
39498373	TA	T
39498479	TCTC	T
39503765	AC	A
39505262	CA	C
39532096	GA	G
39536736	TG	T
39537748	TA	T
39541729	CG	C
39552561	CA	C
39554512	CA	C
39554991	CT	C
39561369	GT	G
39562682	TA	T
39583867	GTA	G
39595289	CA	C
39602289	CT	C
39602383	CT	C
39603526	TAC	T
39604761	CT	C
39612130	GCC	G
39628504	CT	C
39636354	CT	C
39640806	CT	C
39654579	AT	A
39655183	GT	G
39662271	GA	G
39663270	AT	A
39666287	CA	C
39668627	CT	C
39671273	CAAA	C
39673764	AAGG	A
39677295	CA	C
39678109	CT	C
39684026	AT	A
39692329	CA	C
39701896	CAG	C
39702903	CCT	C
39712245	TA	T
39717388	CTT	C
39722216	CA	C
39725322	CTT	C
39729391	CA	C
39729930	AT	A
39732966	CA	C
39733594	CT	C
39742041	AT	A
39743223	CTT	C
39750848	TA	T
39757361	CTT	C
39758018	TC	T
39763827	CA	C
39767481	CA	C
39771426	TCA	T
39772468	AC	A
39785407	CA	C
39785958	CA	C
39787081	CA	C
39795784	CG	C
39799645	CT	C
39806116	TTTC	T
39813625	CA	C
39815145	CACTT	C
39818983	CT	C
39821223	CA	C
39821564	CT	C
39847859	GA	G
39854787	GTGTC	G
39855077	CT	C
39860450	CT	C
39863645	TTTTTC	T
39878152	AT	A
39879507	TA	T
39882149	AT	A
39912166	TAA	T
39914478	AT	A
39914951	CAGT	C
39922193	CA	C
39926730	CA	C
39933239	GT	G
39933268	ATT	A
39937485	AT	A
39947190	CT	C
39954745	TG	T
39960418	TGA	T
39966418	CA	C
39971637	GC	G
39975653	CT	C
39979370	TATCC	T
39981704	TA	T
39987017	TA	T
39991630	CA	C
39992346	GA	G
39999156	CA	C
40004841	GA	G
40009846	CT	C
40014256	CTG	C
40020913	CT	C
40043167	CGGA	C
40082614	CAT	C
40091818	ATGT	A
40116987	CA	C
40119326	GACAC	G
40128182	CCT	C
40144432	CT	C
40144591	AT	A
40155740	TCCTAC	T
40158421	AT	A
40174516	TATC	T
40176380	CA	C
40189309	CAT	C
40191414	CT	C
40191506	CTA	C
40191599	AT	A
40215384	AAC	A
40216711	GA	G
40221712	GT	G
40222854	TA	T
40234350	TTCA	T
40236764	CT	C
40264354	TAAAAA	T
40268854	CT	C
40272518	TA	T
40282073	TA	T
40287479	CT	C
40306745	TA	T
40309196	CAA	C
40310486	ATT	A
40319043	TA	T
40328720	CA	C
40351173	CA	C
40363000	TCA	T
40364462	AAC	A
40374856	AT	A
40379074	CA	C
40384186	CAA	C
40386527	CA	C
40389629	TA	T
40401878	GA	G
40416361	AT	A
40419370	GCTC	G
40429356	TGGGA	T
40442839	CG	C
40444544	CA	C
40446832	GT	G
40448475	TG	T
40449164	TA	T
40450877	CA	C
40453296	GT	G
40455819	GT	G
40456148	CT	C
40470073	CA	C
40476248	AT	A
40481852	CTGT	C
40496071	ATTAT	A
40496996	AT	A
40519898	CT	C
40520016	AT	A
40528385	AGACGG	A
40533986	CA	C
40538229	AT	A
40540836	GT	G
40552759	GTT	G
40560392	TA	T
40560764	CAA	C
40560783	GTT	G
40561098	CT	C
40567044	GTA	G
40569426	CT	C
40575954	TTGTTA	T
40577952	GA	G
40579699	TG	T
40582741	CA	C
40589869	AAAAG	A
40592080	CT	C
40598264	GT	G
40606021	CA	C
40634256	TGTG	T
40639963	CT	C
40641078	CATTT	C
40641715	CGTGT	C
40646937	CT	C
40647722	CA	C
40649106	CT	C
40651578	CT	C
40659043	TA	T
40663874	CA	C
40665891	CA	C
40666317	CTTT	C
40667992	CT	C
40684548	AT	A
40688356	CAA	C
40691478	CA	C
40694969	CA	C
40696265	CTG	C
40707019	TC	T
40707547	AT	A
40713587	TA	T
40715426	CT	C
40715924	TA	T
40720294	GTT	G
40720866	CT	C
40723852	CT	C
40724869	AT	A
40726196	CT	C
40730721	TG	T
40735363	ATT	A
40735931	CT	C
40738036	GA	G
40742121	CTTT	C
40745379	CT	C
40752539	CA	C
40755480	CT	C
40766407	CCCA	C
40771584	CA	C
40773849	CA	C
40779470	CA	C
40785919	AG	A
40788307	CT	C
40791329	CT	C
40794994	CT	C
40809346	AT	A
40813752	CCT	C
40828691	GA	G
40860511	TA	T
40870655	ACT	A
40872147	CA	C
40874008	CA	C
40878064	CAA	C
40881074	CA	C
40886602	CA	C
40891455	CA	C
40893750	CA	C
40904707	CT	C
40904851	CA	C
40910654	GT	G
40910914	CT	C
40912455	GA	G
40917494	GAATT	G
40917859	CT	C
40919129	CA	C
40922021	CT	C
40923762	TA	T
40934993	TG	T
40943857	CA	C
40946052	CA	C
40946856	CT	C
40960985	AT	A
40962227	AT	A
40965779	ACAT	A
40969743	TA	T
40973436	CA	C
40982151	AT	A
40982270	CA	C
40987280	CA	C
40988460	TA	T
40988496	CT	C
40991120	CTT	C
40995907	TA	T
40999778	CT	C
41005294	CA	C
41008431	CAT	C
41010415	CA	C
41017186	TA	T
41019322	CT	C
41020429	CA	C
41021446	CCTCT	C
41024658	TA	T
41025460	TA	T
41025882	GT	G
41030098	AT	A
41031035	AT	A
41031354	TA	T
41035128	TA	T
41036050	CA	C
41039454	CT	C
41043268	AC	A
41043612	CAA	C
41046111	AT	A
41047412	GA	G
41048430	TG	T
41050013	TAA	T
41052955	AT	A
41053258	AT	A
41053351	AG	A
41054636	CT	C
41062415	CA	C
41066869	AT	A
41067170	CT	C
41067632	CT	C
41084566	CT	C
41090244	AT	A
41095047	CT	C
41097145	CT	C
41104904	CT	C
41104965	TTGGG	T
41107169	AT	A
41108208	GT	G
41108613	CT	C
41111609	CA	C
41111848	CT	C
41112717	TA	T
41120243	TA	T
41121932	AT	A
41122591	CTA	C
41124165	AT	A
41128309	CA	C
41129223	CT	C
41133489	GGC	G
41135501	CA	C
41136382	CT	C
41139275	CAG	C
41139743	GAA	G
41146312	CT	C
41147488	TA	T
41153635	CA	C
41153964	CT	C
41155427	CT	C
41156815	CA	C
41157367	TA	T
41157723	CT	C
41159503	CA	C
41159765	AT	A
41162878	AT	A
41168636	CT	C
41173786	CA	C
41180809	AG	A
41182314	CA	C
41186344	CA	C
41194947	CA	C
41196793	CA	C
41199824	GT	G
41206351	CT	C
41212202	CA	C
41216875	CT	C
41218848	TA	T
41229568	CA	C
41234915	TA	T
41238560	CAG	C
41239888	AT	A
41243084	TAA	T
41243560	GA	G
41245483	CAAAA	C
41247161	GAA	G
41247752	CT	C
41252970	TA	T
41256660	CT	C
41261329	CTT	C
41271854	TAA	T
41276791	CA	C
41277460	CAA	C
41280338	CT	C
41281104	ATAT	A
41282830	CA	C
41288935	CATATT	C
41298875	CCT	C
41299878	TCACA	T
41302167	GCTC	G
41302424	CA	C
41304220	CA	C
41307546	CT	C
41309441	CA	C
41310007	TGTG	T
41311555	GA	G
41314013	TA	T
41314851	CT	C
41317490	TA	T
41318725	TAC	T
41319217	TA	T
41323878	CA	C
41324205	CTT	C
41325196	CT	C
41331380	CA	C
41335271	TA	T
41343207	CT	C
41344278	CTG	C
41344279	TG	T
41344906	CT	C
41350338	GT	G
41350740	CT	C
41351264	CT	C
41352398	CT	C
41354311	TA	T
41356116	TA	T
41358499	CT	C
41364853	CT	C
41370414	AT	A
41374357	CT	C
41380486	TA	T
41383576	CA	C
41384996	AT	A
41387824	CT	C
41389829	CA	C
41393360	CT	C
41393850	CT	C
41396990	TTC	T
41397999	CT	C
41399391	CA	C
41402075	AG	A
41406315	TATA	T
41407899	CA	C
41408312	CA	C
41408694	GT	G
41409471	CA	C
41409552	ATGTT	A
41410183	GTT	G
41418855	TG	T
41422163	CAA	C
41423148	TA	T
41426052	AG	A
41426763	CA	C
41430033	ATATT	A
41432028	CT	C
41435768	CAA	C
41437977	CT	C
41441856	CA	C
41441955	CT	C
41444615	CA	C
41446059	AT	A
41450557	CT	C
41451859	CT	C
41455354	AT	A
41456112	GAC	G
41456873	GA	G
41458671	CT	C
41461514	CA	C
41467210	CT	C
41467629	CT	C
41479309	ATG	A
41482428	CT	C
41485406	CT	C
41486874	GA	G
41498033	CT	C
41503426	TA	T
41506963	CT	C
41514811	AAAAG	A
41515008	CT	C
41526258	TA	T
41531569	CT	C
41537669	CT	C
41543307	CA	C
41543741	CA	C
41560718	CAAAG	C
41566966	CT	C
41567656	CT	C
41582684	TA	T
41584671	CAA	C
41586192	CA	C
41587718	TA	T
41596147	CA	C
41596803	TA	T
41605007	AG	A
41605110	CT	C
41607379	AT	A
41608899	CA	C
41610999	ATAT	A
41643053	TTC	T
41645500	TG	T
41647631	GA	G
41650417	TTCC	T
41656016	AT	A
41660292	GC	G
41662205	CA	C
41667228	TA	T
41667399	AC	A
41667696	CA	C
41672990	GA	G
41675804	CA	C
41676098	CA	C
41689237	CA	C
41692651	CA	C
41692695	TATA	T
41702377	CT	C
41702977	CT	C
41707072	CT	C
41708440	AATG	A
41711374	TG	T
41711992	GT	G
41724134	TA	T
41725262	CT	C
41735629	CA	C
41738066	CA	C
41749083	CA	C
41762274	CAA	C
41766124	CT	C
41766416	ATT	A
41769066	CCT	C
41771727	CA	C
41781366	TA	T
41784582	CA	C
41787335	CT	C
41787629	CT	C
41789777	CA	C
41795426	CT	C
41801601	CA	C
41812315	CA	C
41816225	CA	C
41816703	AT	A
41819498	CT	C
41836122	CT	C
41836575	CT	C
41838098	CA	C
41839279	ACG	A
41839625	AT	A
41847523	CAA	C
41849859	TA	T
41855178	CT	C
41857397	CT	C
41859898	CA	C
41863040	CT	C
41863886	CTG	C
41879660	TA	T
41890415	CT	C
41891960	TAAAG	T
41895095	CA	C
41898913	CT	C
41902261	CT	C
41917782	CT	C
41932870	CA	C
41933969	AT	A
41935262	TA	T
41941171	GTT	G
41952755	CTG	C
41958410	CA	C
41959356	AG	A
41960106	AG	A
41962634	CA	C
41962930	CA	C
41970272	AT	A
41978148	CA	C
41982966	TA	T
41983445	CAA	C
41990458	GGT	G
42002359	CA	C
42006084	TAA	T
42008601	AT	A
42008760	CT	C
42010901	TC	T
42015812	CT	C
42017125	AG	A
42029401	ATT	A
42030550	CT	C
42042307	GA	G
42043585	CA	C
42045853	AT	A
42052219	CA	C
42052501	CAA	C
42052520	CA	C
42060575	CTT	C
42063823	ATT	A
42064851	CTT	C
42067520	TA	T
42067909	GA	G
42068224	CA	C
42075682	CTT	C
42077994	CT	C
42081972	CA	C
42082308	CT	C
42087275	TC	T
42087594	TA	T
42087763	CT	C
42094419	CT	C
42100418	CT	C
42101712	CTT	C
42108829	TA	T
42110720	CA	C
42112690	CT	C
42113622	CT	C
42116601	AT	A
42117568	AT	A
42118024	CT	C
42118471	ATT	A
42119222	GT	G
42120807	CT	C
42121124	TA	T
42123615	CA	C
42124873	AC	A
42131231	GT	G
42132258	CT	C
42135144	CA	C
42139461	GA	G
42143241	CT	C
42144809	CT	C
42145283	CT	C
42147471	GC	G
42148075	GA	G
42156964	GT	G
42157323	GT	G
42159947	CTTTT	C
42164394	CAA	C
42169998	TTG	T
42172786	GTATT	G
42177586	CTGTT	C
42181919	AT	A
42188922	TA	T
42192355	GT	G
42194229	GCA	G
42194880	CA	C
42202218	AT	A
42210571	CA	C
42213734	TTAAA	T
42219224	AT	A
42227806	AT	A
42230349	TCA	T
42236442	CTCT	C
42246453	CA	C
42250038	CA	C
42251759	CT	C
42253070	CA	C
42255126	CA	C
42256245	GA	G
42261150	AACAC	A
42265505	TG	T
42268253	CA	C
42276401	CA	C
42277195	CAT	C
42285705	TA	T
42292144	CA	C
42303250	TTCAA	T
42312931	AAC	A
42317592	AC	A
42317895	CA	C
42325866	TAAG	T
42327318	TA	T
42327496	AAT	A
42338754	CA	C
42341451	AT	A
42343371	CT	C
42343673	CT	C
42345247	CA	C
42352024	CT	C
42357687	GTT	G
42358350	CT	C
42370666	CA	C
42374550	CA	C
42386056	TG	T
42396776	CA	C
42399162	CA	C
42407744	GT	G
42414152	CA	C
42414919	GAA	G
42415224	CA	C
42416140	TTTTG	T
42419193	GT	G
42420807	CT	C
42434610	AT	A
42435359	CT	C
42439735	AT	A
42441790	TAGG	T
42444390	CA	C
42453830	CATAT	C
42457955	CA	C
42460480	TA	T
42467866	GA	G
42472305	CT	C
42490640	CAA	C
42496179	CTT	C
42497543	GT	G
42497902	AT	A
42500375	CAA	C
42515195	GAGAT	G
42535111	CTG	C
42544972	TG	T
42556646	TA	T
42562615	CA	C
42566341	TA	T
42569132	GA	G
42569499	TG	T
42572384	AG	A
42575043	TA	T
42579309	TTA	T
42580217	CA	C
42582108	ACAT	A
42589294	CT	C
42591506	CTTTT	C
42592760	TGA	T
42595850	CA	C
42600911	TAA	T
42604314	GA	G
42611473	AT	A
42621006	CT	C
42623989	CAT	C
42642979	TA	T
42646452	CAA	C
42652478	GT	G
42657824	CTG	C
42659368	AT	A
42659638	AT	A
42662088	TAA	T
42684543	GA	G
42691448	CT	C
42745236	AT	A
42745863	CA	C
42754781	CAA	C
42760291	TA	T
42761171	GAA	G
42766783	CA	C
42768000	CT	C
42768770	CA	C
42771930	CGTG	C
42776800	CA	C
42782443	CA	C
42789721	CA	C
42791887	CA	C
42803087	CT	C
42803908	TC	T
42806664	CA	C
42808240	GA	G
42814694	GT	G
42820426	AG	A
42821277	TC	T
42843690	CT	C
42844852	CT	C
42846055	AT	A
42850566	GA	G
42851758	GAAT	G
42860587	CAA	C
42862627	CT	C
42866317	CA	C
42868104	CT	C
42870422	AT	A
42871019	CA	C
42872186	CT	C
42878744	CT	C
42881333	CA	C
42884691	CA	C
42885612	CAA	C
42885985	CT	C
42893672	CA	C
42901920	TA	T
42903092	ATAT	A
42904033	TA	T
42907683	AAAGG	A
42913348	TAA	T
42917496	CT	C
42920879	CT	C
42924673	CTT	C
42930245	CT	C
42935958	CA	C
42936611	TTG	T
42937215	CA	C
42940227	CA	C
42941059	ATT	A
42945981	CG	C
42955810	TTTG	T
42960973	CGT	C
42964218	AG	A
42965134	AT	A
42969249	CT	C
42975209	TA	T
42983098	AAAAC	A
42984636	CTT	C
42992944	CA	C
42997385	CA	C
42997944	TTC	T
43002222	CT	C
43030235	TG	T
43032222	CA	C
43034548	GA	G
43035040	CA	C
43035849	CTT	C
43036399	ATTTG	A
43036754	CT	C
43038122	CT	C
43046050	CTTT	C
43048952	CA	C
43050330	CT	C
43051655	CATAA	C
43052990	CT	C
43062234	CA	C
43062562	GA	G
43063475	CT	C
43068071	CAA	C
43071351	GT	G
43072990	GA	G
43077809	TTCTC	T
43078974	ATT	A
43080353	AT	A
43081079	TTC	T
43085662	CA	C
43094252	CAAA	C
43098105	GTC	G
43099189	AG	A
43100875	TG	T
43101604	CA	C
43102800	CA	C
43110569	CA	C
43111844	TTTG	T
43111845	TTG	T
43114457	TG	T
43123093	CT	C
43128737	CT	C
43135918	CT	C
43136418	CA	C
43137216	CG	C
43144159	CT	C
43145617	CA	C
43145771	GTTT	G
43149209	AT	A
43151011	CT	C
43158482	AG	A
43159487	AT	A
43162320	AGAGT	A
43163259	CT	C
43166512	AT	A
43172187	CA	C
43175438	CT	C
43178204	CT	C
43178514	CA	C
43181751	CCTT	C
43182073	CA	C
43191906	CA	C
43204403	CA	C
43211418	CT	C
43219941	AT	A
43220037	CT	C
43227347	GT	G
43228168	CA	C
43228539	CA	C
43233626	CAA	C
43235129	GAA	G
43237871	CT	C
43238460	CT	C
43245566	CTT	C
43248076	CT	C
43248233	AT	A
43251711	TA	T
43252506	CA	C
43270329	TA	T
43270858	CT	C
43271158	CT	C
43286010	CT	C
43294283	CT	C
43307413	TA	T
43313637	CA	C
43315944	TA	T
43317378	GA	G
43320765	CT	C
43322678	GA	G
43323256	CT	C
43331088	AT	A
43337769	TTTTTG	T
43338106	CT	C
43341231	CA	C
43345716	TCACA	T
43347865	CCA	C
43350305	CAG	C
43350410	CT	C
43358781	CG	C
43365928	GA	G
43370547	TCATAAG	T
43370754	CA	C
43384892	AT	A
43386042	GTATA	G
43386147	AT	A
43387818	CAAA	C
43389178	CA	C
43392537	CA	C
43403225	CTT	C
43412653	CAAAA	C
43416640	CT	C
43423536	CA	C
43425966	CT	C
43427622	CA	C
43428303	CT	C
43429540	CA	C
43434924	GA	G
43437538	CT	C
43438010	TG	T
43440871	CT	C
43444478	CA	C
43445797	GA	G
43446434	AAAAAG	A
43446519	GT	G
43452363	CA	C
43453284	TA	T
43453958	AT	A
43459468	CT	C
43463976	AT	A
43469027	CT	C
43469838	TA	T
43470433	CA	C
43483529	CA	C
43486066	CA	C
43488079	AG	A
43495407	AT	A
43497153	CA	C
43497677	GTC	G
43500695	TATA	T
43502194	TA	T
43504244	CT	C
43508577	CT	C
43513364	AT	A
43522035	CT	C
43538800	AAC	A
43542929	TAA	T
43543623	CA	C
43546182	GAA	G
43562115	TCTGA	T
43568707	CT	C
43572090	CA	C
43573384	TA	T
43574329	AT	A
43575512	AAC	A
43594466	GC	G
43600947	CA	C
43601962	CCA	C
43602396	AC	A
43618632	CG	C
43673053	AC	A
43677509	ACCT	A
43690011	GC	G
43695057	CA	C
43696291	TC	T
43696302	CT	C
43703964	GA	G
43704081	AC	A
43707429	CT	C
43711025	AT	A
43721938	GT	G
43735878	CCCA	C
43735927	CAA	C
43738270	TG	T
43743593	CT	C
43749845	CT	C
43753923	AT	A
43754902	TAAAA	T
43756515	CAA	C
43757348	CT	C
43758329	AT	A
43759705	CATT	C
43760003	TA	T
43762557	CT	C
43772717	GTCTC	G
43782549	CCT	C
43788785	GGAGA	G
43813453	CT	C
43820681	GT	G
43820822	GC	G
43841463	CT	C
43845320	AC	A
43845775	CG	C
43847922	CT	C
43854190	CT	C
43859225	CT	C
43886876	CTG	C
43893841	CT	C
43903671	ATT	A
43915608	CA	C
43917023	GT	G
43918582	GTT	G
43928460	CT	C
43936857	AAATG	A
43940867	GA	G
43942752	CA	C
43946551	CA	C
43947708	CT	C
43961891	CA	C
43970525	CA	C
43973761	CA	C
43978627	GA	G
43986622	CA	C
43986991	GT	G
43987338	TA	T
43987387	GT	G
43996528	GT	G
44001474	GA	G
44012496	AT	A
44013995	CA	C
44014790	CT	C
44016969	ATT	A
44026763	TATG	T
44033320	CAG	C
44034669	CT	C
44037937	CA	C
44038275	CA	C
44042035	AG	A
44048698	GA	G
44051400	CA	C
44052271	TA	T
44059508	CA	C
44061669	CTTCT	C
44062571	GT	G
44069846	CA	C
44081865	AT	A
44082172	AT	A
44097607	TA	T
44113253	TA	T
44116049	GA	G
44118243	TA	T
44120247	CT	C
44133658	CAT	C
44134260	TCA	T
44166808	GA	G
44168521	CA	C
44180368	CA	C
44183232	GCA	G
44187251	CA	C
44194231	CA	C
44198410	CA	C
44200638	CA	C
44210519	CT	C
44218581	GGT	G
44253929	CA	C
44274295	GA	G
44290625	AG	A
44291085	CA	C
44300856	CAA	C
44301123	GA	G
44309761	TTA	T
44309762	TA	T
44312282	AT	A
44315801	GT	G
44316999	TGA	T
44322586	CTAA	C
44323370	GA	G
44330196	TA	T
44335670	TGG	T
44337028	CA	C
44361064	TA	T
44369904	CT	C
44401155	AT	A
44405671	CAT	C
44405688	CT	C
44410734	AT	A
44414782	GT	G
44418627	AT	A
44420842	TA	T
44423794	CATAT	C
44424190	TTG	T
44425789	CAA	C
44425802	GA	G
44431677	CT	C
44435428	AAG	A
44442798	CG	C
44446227	CT	C
44447272	CTG	C
44448963	CT	C
44450664	TC	T
44454429	AT	A
44454860	TG	T
44457311	AAAAAC	A
44490399	TCA	T
44497632	GA	G
44503758	CT	C
44511771	TACTA	T
44516721	GT	G
44523132	CT	C
44526944	CCT	C
44535937	TG	T
44540816	GC	G
44542229	TCA	T
44550414	GGT	G
44550599	AAGT	A
44552159	CT	C
44557188	CTT	C
44565885	ATT	A
44567374	CA	C
44570438	CAA	C
44572466	AT	A
44589101	CA	C
44606734	AT	A
44617354	GT	G
44618795	AG	A
44618962	TG	T
44623841	AC	A
44627003	TTTC	T
44630888	CT	C
44631138	TTA	T
44638625	CTTT	C
44649476	AT	A
44657330	GTCCCA	G
44665408	TAC	T
44665471	TAC	T
44680034	TATTA	T
44682951	TG	T
44688909	AG	A
44691399	GA	G
44719526	ACCAT	A
44721127	GA	G
44727811	TCGC	T
44731711	GTGCA	G
44748247	CCA	C
44754945	AG	A
44762757	CAA	C
44774378	TTC	T
44795057	GA	G
44796851	CT	C
44801453	CAA	C
44812757	GTT	G
44822734	CA	C
44825939	CTGTTT	C
44827570	TA	T
44828490	CA	C
44862255	CT	C
44862956	TAA	T
44866943	GT	G
44876438	CA	C
44876567	GA	G
44877679	CT	C
44878031	TG	T
44881207	AT	A
44889899	TA	T
44891427	AAGG	A
44894312	AC	A
44900992	GA	G
44901600	AC	A
44902505	CA	C
44909192	CCTTT	C
44916705	CT	C
44917014	CA	C
44923965	TG	T
44929782	CA	C
44930724	CT	C
44932974	TC	T
44933249	GT	G
44938339	CA	C
44940646	AGG	A
44948936	AT	A
44955145	CT	C
44958590	AT	A
44958618	CT	C
44964518	GA	G
44979817	CCAAG	C
44990111	CA	C
44991594	CA	C
44995798	CT	C
45000868	CCA	C
45023391	GA	G
45030995	TG	T
45032533	GTGGA	G
45032723	GTGGA	G
45033195	GTGGA	G
45039696	GA	G
45048942	TG	T
45049013	TG	T
45051611	AC	A
45051749	CA	C
45053868	CA	C
45055746	GT	G
45057047	TC	T
45064428	GC	G
45070825	CA	C
45071129	CA	C
45073031	CGCAGA	C
45077472	GA	G
45095814	GT	G
45106165	AC	A
45113597	CT	C
45114072	CT	C
45118868	CT	C
45128667	ATAC	A
45134613	ACT	A
45138758	AT	A
45149105	CT	C
45153159	AT	A
45158423	CT	C
45159371	CA	C
45159682	CT	C
45162384	CTG	C
45164720	CT	C
45168232	CT	C
45171333	CT	C
45173878	TTTTA	T
45182917	CA	C
45183201	CTTTGT	C
45187062	ATGT	A
45187899	TTC	T
45187900	TC	T
45190920	CA	C
45193115	TA	T
45195980	CT	C
45204520	AT	A
45204689	CA	C
45207876	CA	C
45208223	CT	C
45225177	GA	G
45230723	TA	T
45234788	CTTG	C
45237121	CT	C
45239704	CA	C
45241891	GC	G
45244241	GTT	G
45246843	CAAAAA	C
45259710	TTG	T
45260371	AAG	A
45263179	CAAAA	C
45269063	GAA	G
45269777	TAC	T
45280173	TCAC	T
45280642	TACC	T
45282568	CA	C
45284501	GCT	G
45296663	CTTT	C
45300169	AT	A
45317239	CT	C
45319211	CAA	C
45327106	TC	T
45328995	CT	C
45331511	CA	C
45338875	AC	A
45341604	GGGT	G
45351777	CAA	C
45353783	AT	A
45373632	AT	A
45380146	TCAC	T
45382017	GCAC	G
45383645	CCT	C
45386171	AT	A
45393845	GC	G
45394826	CT	C
45402750	TA	T
45403112	CA	C
45412473	TG	T
45413893	CAAA	C
45418065	GT	G
45419588	AG	A
45420296	CA	C
45420637	CTGTG	C
45421853	CT	C
45427555	TG	T
45439234	TAC	T
45448077	AC	A
45453464	CA	C
45454657	GACAA	G
45455197	CA	C
45460567	GT	G
45463379	CA	C
45465766	CA	C
45496589	CA	C
45499350	GA	G
45499499	TA	T
45504825	CA	C
45505330	CT	C
45507056	CT	C
45508122	CA	C
45519001	CT	C
45520777	TA	T
45520792	GA	G
45523260	CTT	C
45524667	CT	C
45527442	TA	T
45528111	CT	C
45534802	TA	T
45535435	CA	C
45536131	CT	C
45537408	TA	T
45541740	CAG	C
45549428	AT	A
45557512	TATAC	T
45565332	AC	A
45566222	ACC	A
45567054	CAT	C
45569219	GTTT	G
45570064	CT	C
45581833	TCTG	T
45583063	TTA	T
45583299	CA	C
45585503	GA	G
45600716	CCA	C
45602582	AT	A
45603366	AT	A
45605201	AG	A
45618174	GATCA	G
45620404	GA	G
45624252	TCTCC	T
45624654	ATC	A
45625144	TGA	T
45625183	GAA	G
45626461	CT	C
45633805	CT	C
45638245	CA	C
45641720	CT	C
45642708	CT	C
45643635	CA	C
45649319	GAC	G
45652771	AGT	A
45656894	CAA	C
45663078	TCA	T
45667036	CT	C
45669156	CAA	C
45677889	CAAA	C
45684081	CT	C
45685633	CAAA	C
45688812	CA	C
45690763	CT	C
45698383	CT	C
45718922	CTGTG	C
45724513	TA	T
45724670	GA	G
45725662	AACAG	A
45728632	CT	C
45729555	CA	C
45746131	AGTT	A
45748101	CA	C
45749170	GA	G
45752042	AT	A
45753509	TTTC	T
45756853	CT	C
45765422	CT	C
45780599	CA	C
45782129	TA	T
45786583	TA	T
45786944	CT	C
45788283	CT	C
45805490	TA	T
45811079	GA	G
45811483	GTATA	G
45813433	AT	A
45817212	TTAA	T
45817368	AATT	A
45820268	CG	C
45828091	CA	C
45828653	CTGG	C
45829125	ACT	A
45831674	AT	A
45833924	CT	C
45835752	CA	C
45839579	CA	C
45840868	CA	C
45856221	TA	T
45857008	CA	C
45859495	CA	C
45861286	CA	C
45869091	CT	C
45870627	CT	C
45878680	CT	C
45882078	CT	C
45883766	AT	A
45885314	CTTT	C
45888126	GC	G
45890076	CT	C
45893107	CA	C
45896012	CT	C
45909187	CT	C
45915504	CA	C
45924226	CT	C
45933499	CA	C
45939971	CT	C
45946529	CTG	C
45966235	GA	G
45989977	CAG	C
45992581	TATC	T
45992682	CTT	C
45995408	CAG	C
45996712	CT	C
45999658	GT	G
46000784	GCA	G
46012272	AG	A
46024162	GT	G
46025065	AAAGG	A
46029742	CT	C
46040139	GA	G
46045139	TC	T
46057486	TA	T
46057544	GT	G
46064532	TGAG	T
46073395	TA	T
46080017	GT	G
46080975	CTTT	C
46082698	CA	C
46086159	GA	G
46091204	CA	C
46091374	CT	C
46095347	CT	C
46113545	TA	T
46114931	AT	A
46115435	AT	A
46116196	CT	C
46119845	AT	A
46119922	TTG	T
46126224	CAA	C
46128170	CA	C
46129636	TA	T
46129710	CT	C
46130450	TTTTG	T
46138410	TA	T
46138713	TC	T
46140778	TAC	T
46144059	TA	T
46147723	GTT	G
46148623	CT	C
46152027	CT	C
46163296	CAT	C
46163316	TAC	T
46166458	TG	T
46167293	CT	C
46169325	ATTAT	A
46172567	GA	G
46175966	CTT	C
46177755	GA	G
46178847	TACA	T
46190328	TA	T
46196402	GA	G
46217227	TA	T
46242474	AT	A
46249954	CA	C
46255303	GC	G
46256923	TA	T
46260802	CTT	C
46267232	CA	C
46270547	CAT	C
46283410	TCACA	T
46286656	GGC	G
46287212	GTCC	G
46287664	GT	G
46289917	TAA	T
46290727	TA	T
46297995	CT	C
46322578	CTAAG	C
46325367	TCCAC	T
46333887	TA	T
46337389	CAAA	C
46353140	AC	A
46376985	GGT	G
46377743	CA	C
46389947	GATA	G
46391082	CT	C
46400873	CT	C
46412093	AT	A
46413750	CA	C
46416363	TA	T
46425205	AAAT	A
46426067	CA	C
46434738	CGT	C
46436143	GT	G
46439244	TA	T
46439734	CA	C
46440351	CA	C
46443129	AAAAC	A
46444569	CT	C
46450779	GTATC	G
46458721	CT	C
46512532	AC	A
46540236	AT	A
46540396	CT	C
46542322	GAA	G
46553818	AC	A
46555091	GTTT	G
46563779	CA	C
46570143	GAAA	G
46571610	TA	T
46573360	CA	C
46587382	GTT	G
46604444	CA	C
46604814	CGT	C
46605370	AT	A
46606345	CT	C
46609494	CT	C
46612280	CA	C
46616958	CA	C
46619539	CAA	C
46619846	CA	C
46621673	TAA	T
46622055	CAT	C
46624700	CA	C
46625003	CA	C
46628902	TAC	T
46633507	CA	C
46637810	GA	G
46638420	CT	C
46640087	AG	A
46649650	CA	C
46664564	TTTTTG	T
46664985	GC	G
46670632	GT	G
46682558	CAA	C
46692397	CG	C
46695697	CT	C
46697279	GA	G
46708535	CAA	C
46710747	CA	C
46722782	GAA	G
46729723	CA	C
46739096	CT	C
46741660	CT	C
46745034	CA	C
46745877	GT	G
46747356	GTC	G
46756848	CA	C
46761730	GA	G
46762146	GT	G
46764522	CG	C
46772700	CA	C
46775267	CCTTA	C
46780792	TA	T
46791081	GC	G
46797820	CT	C
46803960	TCAAA	T
46812282	CA	C
46815949	ACT	A
46816411	TCA	T
46818001	AT	A
46818454	AC	A
46819962	TA	T
46834046	CA	C
46837049	CA	C
46853245	GC	G
46861582	AC	A
46863404	TTATA	T
46864282	CAA	C
46865870	GA	G
46872492	CA	C
46874442	AT	A
46875512	TG	T
46877139	CA	C
46877681	CT	C
46885790	CA	C
46887159	CT	C
46889442	CA	C
46892097	CAAA	C
46892511	CT	C
46892524	ATT	A
46895082	TAA	T
46900401	CA	C
46911022	AC	A
46913801	CT	C
46914929	CA	C
46915769	CT	C
46916073	CT	C
46919972	TGACA	T
46925699	CA	C
46927856	GGA	G
46935791	GTTTT	G
46939019	CTT	C
46951930	TAAATA	T
46955778	AATC	A
46957337	CA	C
46959249	GA	G
46960486	AG	A
46961123	TG	T
46981090	CT	C
46988344	CA	C
47003097	TA	T
47003951	CG	C
47006753	TA	T
47008017	CA	C
47010792	GCA	G
47011930	CAT	C
47011936	TAGG	T
47020755	AT	A
47030842	CA	C
47037289	TAAGG	T
47065476	CT	C
47072041	CACGG	C
47073199	CT	C
47078638	CTCTT	C
47079518	GA	G
47080999	GT	G
47087341	TA	T
47093866	CT	C
47094634	CA	C
47095512	CTT	C
47096907	CA	C
47098074	CA	C
47098192	AT	A
47106331	GA	G
47110882	GA	G
47112088	CT	C
47112402	TA	T
47113802	ACT	A
47113994	GA	G
47117330	TA	T
47118453	CTT	C
47119950	ACCT	A
47123346	CT	C
47123728	AC	A
47126152	TA	T
47128482	CT	C
47129105	CA	C
47133542	AC	A
47136120	CA	C
47149691	CA	C
47151216	AT	A
47153888	CA	C
47157607	AC	A
47157609	ACAC	A
47160002	AG	A
47161675	CT	C
47161699	CAA	C
47177036	TG	T
47179488	GTT	G
47187428	GT	G
47204261	TA	T
47235206	CT	C
47244785	GT	G
47246985	TG	T
47255850	GC	G
47264838	TG	T
47275220	CA	C
47283033	CAGAA	C
47284377	GT	G
47286994	ACCT	A
47287429	TA	T
47287436	TAATA	T
47293452	AG	A
47293802	TA	T
47294429	AT	A
47295342	CA	C
47296045	GT	G
47297604	TG	T
47307814	CA	C
47310330	CA	C
47316676	AT	A
47319678	TC	T
47321945	GA	G
47323681	TTGCAA	T
47324022	GA	G
47324734	CAG	C
47326335	TG	T
47337558	ACG	A
47337764	ATG	A
47343760	TC	T
47349042	CTT	C
47350571	CG	C
47356162	CT	C
47358396	TG	T
47359118	CA	C
47376543	TG	T
47376559	TG	T
47378122	CT	C
47379591	GT	G
47382295	CA	C
47382606	AG	A
47390265	CT	C
47396732	GA	G
47397195	CT	C
47397347	GA	G
47418458	AC	A
47428405	AAC	A
47435600	GA	G
47438070	GC	G
47438326	GGA	G
47447012	AGG	A
47456134	CT	C
47459917	GC	G
47463731	TG	T
47475724	AAGAT	A
47476521	AT	A
47495829	CG	C
47523103	TTATC	T
47523858	CT	C
47523877	TC	T
47536196	CA	C
47543979	TA	T
47555553	CAT	C
47557843	AG	A
47576594	AG	A
47578861	TA	T
47588090	CG	C
47604724	GT	G
47608315	CGT	C
47613482	CT	C
47615019	CT	C
47616287	CA	C
47616465	TAC	T
47620413	TCTTAA	T
47620670	GA	G
47623959	AT	A
47635995	GC	G
47653053	AT	A
47667538	ATT	A
47699700	GT	G
47710472	AT	A
47719006	GT	G
47725809	CT	C
47726245	CAT	C
47726303	CTG	C
47729599	GT	G
47732199	GT	G
47732231	ATGAG	A
47753665	TG	T
47758293	GTCT	G
47758664	TC	T
47759516	TGCG	T
47760717	AT	A
47769563	TG	T
47771685	TGC	T
47782554	GT	G
47795633	GACTC	G
47800887	CA	C
47807308	GAA	G
47810080	CA	C
47818675	GC	G
47828436	AGAG	A
47830410	GC	G
47847872	TAC	T
47850574	TTAAA	T
47851366	AAG	A
47856306	CA	C
47873964	AT	A
47876443	CTA	C
47877966	TA	T
47879174	GTTC	G
47881828	CA	C
47897705	TA	T
47898937	CA	C
47916164	TATTC	T
47917270	CA	C
47918014	TC	T
47921896	CA	C
47926507	CA	C
47932610	CTT	C
47936120	GCC	G
47942704	CA	C
47946405	TG	T
47950780	TA	T
47952967	ATGTG	A
47953375	CATCT	C
47969533	CTT	C
47975691	CTTT	C
47982374	TA	T
47986337	GTC	G
47988203	TA	T
48002949	GT	G
48004980	CT	C
48015345	TGC	T
48023998	TGTG	T
48024359	AGT	A
48028047	GGA	G
48034182	GA	G
48037471	AAG	A
48040663	TA	T
48049308	CA	C
48052000	TCAC	T
48058985	CA	C
48067753	CT	C
48072366	CT	C
48078524	TG	T
48084320	CTT	C
48085589	CTT	C
48090355	CT	C
48093483	CA	C
48103665	TA	T
48104895	CT	C
48105557	AT	A
48107119	TA	T
48118271	GA	G
48118406	TAA	T
48119083	AAC	A
48122926	CT	C
48125389	TTTTA	T
48126849	TG	T
48130030	TAGAG	T
48138346	CA	C
48143419	AT	A
48161469	TGTG	T
48170004	AT	A
48196379	AC	A
48203463	GGGA	G
48205663	TGG	T
48218901	CT	C
48231090	CT	C
48252227	AT	A
48252229	AT	A
48252828	TCC	T
48255205	CTA	C
48256175	CT	C
48261723	CT	C
48273563	GT	G
48287013	CA	C
48290806	AT	A
48291509	TA	T
48292670	TAA	T
48298898	AC	A
48299836	CAAA	C
48323339	GC	G
48324475	CT	C
48334043	GA	G
48334142	CA	C
48335193	TA	T
48335426	GA	G
48348157	CT	C
48350592	CTG	C
48362131	GT	G
48363201	AAC	A
48363334	CAT	C
48363443	AAC	A
48373196	TA	T
48374821	TA	T
48395353	AAAAT	A
48401440	CT	C
48402444	AGT	A
48403586	AT	A
48419053	ATAAAT	A
48436018	GT	G
48436110	CT	C
48436388	CT	C
48444883	CT	C
48447315	TA	T
48447764	CG	C
48449274	CT	C
48451061	ATGTG	A
48451589	AGT	A
48454265	CA	C
48455453	TG	T
48458189	TG	T
48458326	GCA	G
48466165	AC	A
48466490	AC	A
48466541	TA	T
48467512	GGATC	G
48470457	CT	C
48472749	GA	G
48474075	ATG	A
48476943	TG	T
48480851	GCCA	G
48485617	TC	T
48488329	GA	G
48502747	GC	G
48507499	TA	T
48513202	GGAA	G
48522055	CA	C
48522848	GTT	G
48524186	TA	T
48525638	GA	G
48534298	CA	C
48538740	AT	A
48540643	AC	A
48555981	CAA	C
48558927	AT	A
48562091	CT	C
48591327	GC	G
48597636	AT	A
48600210	GGA	G
48606449	AC	A
48608775	CCAT	C
48614263	TA	T
48618179	AT	A
48618242	CA	C
48629478	TA	T
48638182	AC	A
48642636	CAG	C
48645505	CA	C
48649256	TG	T
48666321	AT	A
48677146	AAAGG	A
48681457	CA	C
48685706	AT	A
48687408	CA	C
48691789	ATTCG	A
48694537	GAA	G
48705403	TC	T
48718594	GA	G
48739082	CT	C
48741948	GGT	G
48744774	TCA	T
48745092	ACT	A
48745431	GCT	G
48746176	CA	C
48746764	AAC	A
48746765	AC	A
48762996	AT	A
48772636	CGG	C
48781270	CA	C
48781706	AC	A
48784926	AAC	A
48784927	AC	A
48788908	AC	A
48789507	ATTTT	A
48793172	AG	A
48795051	CAA	C
48799226	AT	A
48806778	TG	T
48809215	CA	C
48810697	GCA	G
48811345	AT	A
48814932	AT	A
48817145	GAA	G
48831022	CT	C
48831406	AT	A
48846676	AG	A
48846951	AG	A
48849522	TCTCG	T
48851326	CT	C
48858971	CA	C
48878615	GCACA	G
48886638	ACCT	A
48895395	AG	A
48898332	AT	A
48902006	AC	A
48905762	CA	C
48907173	TTCC	T
48927483	GCC	G
48936408	CT	C
48936687	TA	T
48938245	GGT	G
48974941	TC	T
48974947	CCT	C
48975277	TG	T
48979482	ATGCCT	A
48985798	CGTGT	C
48990689	AT	A
48996379	CGT	C
49000521	AT	A
49001163	GTGA	G
49003581	GC	G
49006748	AT	A
49009939	CCT	C
49015206	CG	C
49034167	ACC	A
49052509	CT	C
49070755	GT	G
49074904	GC	G
49084824	GA	G
49085855	CT	C
49093730	ATGG	A
49094500	TG	T
49098397	ACCC	A
49100600	CCGT	C
49103836	TG	T
49112632	CAG	C
49115388	GC	G
49117788	GA	G
49119974	CA	C
49121536	GAAA	G
49125079	ATATT	A
49130059	GAA	G
49132302	TC	T
49149744	CT	C
49150309	CGT	C
49155563	GCA	G
49160321	TAAC	T
49162100	TA	T
49162334	TA	T
49168938	CTTT	C
49181710	CA	C
49183881	TAC	T
49185996	CT	C
49188120	CTTTG	C
49189301	GATTA	G
49207018	GTATA	G
49215476	GT	G
49227691	CTTG	C
49229429	AT	A
49230829	AAAAG	A
49233078	CAT	C
49233241	ACACT	A
49239494	TG	T
49242588	CT	C
49242618	TTTTA	T
49243384	TA	T
49246158	TGAG	T
49246188	TGAG	T
49261544	GA	G
49262495	GAA	G
49264131	TA	T
49265954	CT	C
49273500	GGTAA	G
49275399	AT	A
49304646	AG	A
49304758	AT	A
49305904	TA	T
49313485	AT	A
49315425	CT	C
49326839	TTC	T
49331646	GA	G
49344770	TC	T
49347326	CAA	C
49347495	CAAA	C
49350037	TA	T
49363333	GA	G
49367144	ACT	A
49379559	GA	G
49381471	GT	G
49395504	AGTGT	A
49401378	ATGTG	A
49401484	CGT	C
49402334	CG	C
49409335	AATT	A
49416690	TATAA	T
49421540	TGG	T
49435137	TC	T
49450437	CCTT	C
49463323	CTG	C
49464175	ATGTG	A
49469891	CCAT	C
49470221	CCAA	C
49487820	CA	C
49489983	GC	G
49490324	AT	A
49490488	ATT	A
49492217	TACAC	T
49507675	CA	C
49518598	TA	T
49527320	AT	A
49538009	CAA	C
49542404	AG	A
49564866	TAGA	T
49578405	AG	A
49606185	TTA	T
49615213	AGAC	A
49633583	TC	T
49649434	AT	A
49650349	TAC	T
49652343	GA	G
49652753	CA	C
49661318	TG	T
49713963	AT	A
49714538	CTT	C
49739438	GA	G
49739502	GA	G
49762769	GTA	G
49767909	GC	G
49771249	TC	T
49778509	AT	A
49782977	CA	C
49784830	AAT	A
49793380	ACC	A
49804916	ACC	A
49812031	AGAG	A
49821071	AAAC	A
49823515	CA	C
49843770	TC	T
49851581	CT	C
49857677	CTGTG	C
49861619	CA	C
49865123	TA	T
49865546	CA	C
49874243	GAC	G
49875815	CTA	C
49880506	CAACA	C
49885314	CT	C
49891718	CA	C
49894936	TATC	T
49912237	CG	C
49912747	CAAGA	C
49913367	TAAA	T
49939256	CA	C
49940361	CA	C
49949350	AG	A
49956548	AATC	A
49964709	AT	A
49974204	ACAC	A
49982101	GTCTT	G
49998607	GA	G
50007488	CA	C
50022840	TG	T
50027150	TG	T
50042504	GC	G
50045803	CA	C
50055746	TA	T
50057391	TA	T
50059251	TAAA	T
50068897	CA	C
50075308	CT	C
50089568	CA	C
50090444	CT	C
50104960	TA	T
50108702	CAA	C
50113632	AAAG	A
50115814	TGA	T
50116821	CA	C
50121262	CCT	C
50123242	AT	A
50126359	CA	C
50146612	CG	C
50151650	CT	C
50161021	CTCTG	C
50180565	AC	A
50180947	AC	A
50185825	TA	T
50189744	CT	C
50199389	CT	C
50200646	CAA	C
50207475	TA	T
50215255	CT	C
50216070	TA	T
50216358	CA	C
50223001	GACGA	G
50224144	CA	C
50226105	GT	G
50229805	TAC	T
50231696	GT	G
50232228	CA	C
50234908	CT	C
50235976	CA	C
50236623	AC	A
50236668	CT	C
50257273	CA	C
50258468	CA	C
50259141	CA	C
50262769	CA	C
50265405	AT	A
50268036	AT	A
50281141	CAAAG	C
50283115	TTTTG	T
50284677	CA	C
50288783	TTCA	T
50289305	TA	T
50293125	CA	C
50295415	TA	T
50295432	CTG	C
50295503	CTG	C
50296125	CTG	C
50305092	TTC	T
50305093	TC	T
50311661	GA	G
50311989	AAC	A
50314734	CT	C
50325936	TTTTA	T
50326443	TG	T
50329410	TG	T
50330283	CT	C
50333720	CA	C
50336003	GTGAA	G
50338875	TC	T
50338905	TC	T
50339352	TC	T
50342290	TG	T
50358136	CG	C
50364311	CAT	C
50415484	AT	A
50415835	CT	C
50417523	CAAA	C
50420032	CAAA	C
50427367	GA	G
50432743	AC	A
50449248	CG	C
50449433	TC	T
50451279	CG	C
50452037	TG	T
50463709	CA	C
50471620	AC	A
50475637	CT	C
50477242	CA	C
50486544	AGT	A
50488804	CT	C
50494084	CAA	C
50495980	TG	T
50496051	TG	T
50514983	CA	C
50543320	CT	C
50545128	CT	C
50545918	CT	C
50554622	CT	C
50554875	CA	C
50561625	CA	C
50567274	CT	C
50571883	TA	T
50574179	CA	C
50575016	GA	G
50579481	CT	C
50579764	CT	C
50579924	AT	A
50581094	TA	T
50587092	CT	C
50589629	TCTC	T
50594548	CT	C
50598030	CA	C
50603272	CT	C
50640994	AT	A
50643049	CAAA	C
50646859	CA	C
50652243	AT	A
50653571	CA	C
50669686	CA	C
50676961	GT	G
50676973	GT	G
50681881	CA	C
50685566	AT	A
50687970	CAT	C
50690373	GC	G
50699477	AC	A
50731396	GC	G
50733735	CAAA	C
50743080	AC	A
50755495	TG	T
50761710	CT	C
50766505	AG	A
50770660	AT	A
50771055	CT	C
50771768	CT	C
50774107	AT	A
50775538	AGT	A
50775637	AGTGT	A
50775907	TTGTC	T
50776601	GGT	G
50776998	GTT	G
50777136	GGT	G
50777238	GGT	G
50777490	TGTG	T
50778664	GGT	G
50778933	GGT	G
50792246	CT	C
50793297	CT	C
50794396	CT	C
50794734	CT	C
50796545	TA	T
50798485	CT	C
50798779	CT	C
50802322	CT	C
50803498	CT	C
50804740	CT	C
50807666	TA	T
50817312	TA	T
50820336	CA	C
50823936	GT	G
50827985	GT	G
50828427	CT	C
50829427	CA	C
50830240	GA	G
50830377	CA	C
50830769	GA	G
50832864	AT	A
50836401	CA	C
50836944	CT	C
50842518	AT	A
50853132	TC	T
50854752	AT	A
50856821	CT	C
50857139	AG	A
50864310	GT	G
50867461	AT	A
50882752	CT	C
50883047	GT	G
50887601	CA	C
50888118	CA	C
50890224	CT	C
50890569	TA	T
50896072	GC	G
50899755	AG	A
50913021	CT	C
50916203	CA	C
50917849	CAG	C
50918175	CA	C
50923775	CA	C
50929692	ATTT	A
50930265	GA	G
50930653	CA	C
50931121	CA	C
50932600	CA	C
50934301	GT	G
50940290	CT	C
50942955	GC	G
50954436	GA	G
50958990	GT	G
50974607	CA	C
50979103	CA	C
50982078	AT	A
50990070	AC	A
50995586	GTT	G
51000690	TAAG	T
51002576	CT	C
51004226	CTTT	C
51005363	CT	C
51005682	AT	A
51031289	GA	G
51033086	CA	C
51034695	TA	T
51054565	TTA	T
51055663	TA	T
51056151	CT	C
51056950	CT	C
51058932	CA	C
51070771	TA	T
51076040	GT	G
51078256	CA	C
51085015	CA	C
51087193	CT	C
51089130	TC	T
51089462	CA	C
51097764	AAT	A
51099164	AT	A
51099507	CT	C
51100261	CA	C
51103412	CA	C
51106436	GAAACA	G
51108762	CA	C
51113001	CCG	C
51120605	CAG	C
51131664	TA	T
51135180	AC	A
51174544	CT	C
51196224	ATTAT	A
51206781	TA	T
51209473	AT	A
